YEAR,TEAM NO,TEAM,SEED,ROUND,PRESEASON KADJ EM RANK,PRESEASON KADJ EM,PRESEASON KADJ O,PRESEASON KADJ O RANK,PRESEASON KADJ D,PRESEASON KADJ D RANK,PRESEASON KADJ T,PRESEASON KADJ T RANK,KADJ EM RANK CHANGE,KADJ EM CHANGE,KADJ T CHANGE
2026,1215,Akron,12,0,94,8.29,110.4,75,102.1,116,72.6,53,30,4.51,-2.4
2026,1214,Alabama,4,0,23,21.05,117.1,16,96.1,34,76.3,1,5,4.67,-3.2
2026,1213,Arizona,1,0,15,23.87,118.6,11,94.7,22,73.7,19,13,13.79,-3.9
2026,1212,Arkansas,4,0,29,20.08,115,29,95,25,72.5,65,14,5.97,-1.5
2026,1211,BYU,6,0,18,23.09,120.9,4,97.8,55,71.1,170,-5,0.16,-1.2
2026,1210,Cal Baptist,13,0,192,-3.35,104.2,165,107.5,243,69.7,293,86,9.34,-3.9
2026,1209,Clemson,8,0,32,19.87,115.3,27,95.4,30,69.1,327,-4,-0.63,-4.9
2026,1208,Connecticut,2,0,5,28.38,121.3,2,93,13,68.5,351,-6,-0.51,-4
2026,1207,Duke,1,0,7,26.38,120.5,7,94.1,17,69.8,280,6,12.52,-4.5
2026,1206,Florida,1,0,2,29.46,121.3,3,91.9,6,73,37,-2,4.33,-2.4
2026,1205,Furman,15,0,133,1.61,106.7,117,105.1,168,70.3,243,-58,-3.59,-4.5
2026,1204,Georgia,8,0,44,17.29,114,41,96.7,43,70.7,210,12,3.19,0.7
2026,1203,Gonzaga,3,0,8,25.93,120.2,8,94.3,19,73.5,23,-2,2.17,-4.9
2026,1202,Hawaii,13,0,113,4.78,105.8,135,101,103,69.8,284,5,1.19,-0.1
2026,1201,High Point,12,0,103,6.65,110.8,71,104.2,145,70.8,206,11,1.76,-0.9
2026,1200,Hofstra,13,0,162,-1.18,101.3,238,102.5,120,69,333,75,10.67,-4.3
2026,1199,Houston,2,0,1,31.13,119.5,10,88.3,1,66.9,362,-4,2.3,-3.6
2026,1198,Howard,16,0,308,-11.37,100.2,261,111.5,333,72.8,45,101,8.19,-3.8
2026,1197,Idaho,15,0,244,-6.56,104,168,110.6,318,70,270,99,8.09,-2.2
2026,1196,Illinois,3,0,6,26.82,120.5,6,93.7,16,73.6,22,-1,5.28,-8
2026,1195,Iowa,9,0,46,16.27,114.1,40,97.9,57,65.4,365,21,6.17,-2.4
2026,1194,Iowa St.,2,0,13,24.15,113.7,44,89.5,2,71.3,147,7,8.27,-4.7
2026,1193,Kansas,4,0,21,21.45,114,42,92.6,10,72,99,0,2.99,-4.4
2026,1192,Kennesaw St.,14,0,141,0.89,106.3,127,105.4,177,73.8,16,-22,-0.32,-2.7
2026,1191,Kentucky,7,0,4,28.95,120.1,9,91.2,4,73.1,35,-24,-7.47,-4.7
2026,1190,Lehigh,16,0,306,-11.26,97.2,322,108.5,270,71.6,123,22,0.89,-4.7
2026,1189,LIU Brooklyn,16,0,287,-9.03,96.8,329,105.8,191,70.6,219,71,5.08,-2.8
2026,1188,Louisville,6,0,14,24.13,120.6,5,96.4,38,73,38,-5,1.3,-3.3
2026,1187,McNeese St.,12,0,101,7.08,107.6,106,100.6,98,70.6,227,33,5.4,-4.4
2026,1186,Miami FL,7,0,76,10.88,110.1,78,99.2,77,71.1,163,45,9.8,-3.6
2026,1185,Miami OH,11,0,127,2.09,106.3,125,104.2,146,71.9,106,34,6.17,-2
2026,1184,Michigan,1,0,11,24.63,116.6,20,92,8,72.5,64,8,12.97,-1.5
2026,1183,Michigan St.,3,0,25,20.71,114.3,37,93.6,15,70.6,216,16,7.6,-4.6
2026,1182,Missouri,10,0,28,20.14,117.9,14,97.8,54,71.5,128,-24,-4.75,-5.4
2026,1181,Nebraska,4,0,51,15.21,114.2,39,99,69,71.8,111,37,10.95,-5
2026,1180,North Carolina,6,0,33,19.24,116.1,25,96.9,45,73.4,26,4,1.6,-5.5
2026,1179,North Carolina St.,11,0,38,18.56,114.7,34,96.2,36,70.2,253,4,1.04,-1.2
2026,1178,North Dakota St.,14,0,215,-4.71,104.3,162,109,282,69.3,309,102,9.84,-3
2026,1177,Northern Iowa,12,0,116,4.24,106.8,113,102.6,122,69.9,275,44,7.57,-7.6
2026,1176,Ohio St.,8,0,27,20.33,118.3,13,98,58,70.8,195,1,1.91,-4.8
2026,1175,Penn,14,0,278,-8.52,103.4,176,111.9,341,72.6,54,128,9.99,-3.6
2026,1174,Prairie View A&M,16,0,326,-13.11,95.6,346,108.7,275,73.1,34,38,2.41,-2.2
2026,1173,Purdue,2,0,3,29.15,124.5,1,95.4,29,69.4,308,-5,2.05,-5
2026,1172,Queens,15,0,219,-4.98,104.8,154,109.8,302,72.6,57,38,3.54,-3
2026,1171,Saint Louis,9,0,65,12.45,111.1,68,98.7,64,71.9,105,24,5.87,-0.9
2026,1170,Saint Mary's,7,0,55,14.66,111.2,65,96.5,39,66.4,364,31,8.41,-1.3
2026,1169,Santa Clara,10,0,105,6.11,108.8,93,102.7,123,72.5,61,70,13.29,-3.4
2026,1168,Siena,16,0,208,-4.41,102.7,197,107.1,227,71,185,16,2.32,-6.3
2026,1167,SMU,11,0,43,17.4,115,30,97.6,51,71.7,112,1,0.69,-3.2
2026,1166,South Florida,11,0,104,6.56,107.5,109,100.9,102,72.4,69,57,9.83,-0.9
2026,1165,St. John's,5,0,16,23.48,116.4,23,92.9,12,72.7,52,-1,2.43,-3.1
2026,1164,TCU,9,0,66,12.33,109.6,83,97.3,47,70.9,193,23,5.25,-3.2
2026,1163,Tennessee,6,0,9,25.04,115.3,28,90.2,3,69.1,326,-7,0.98,-4.1
2026,1162,Tennessee St.,15,0,240,-6.37,100,264,106.3,201,72.1,88,53,4.54,-1.9
2026,1161,Texas,11,0,39,18.16,113.7,43,95.5,32,72.3,76,2,0.88,-5.4
2026,1160,Texas A&M,10,0,35,18.86,114.2,38,95.4,28,73.2,31,-4,-0.19,-2.8
2026,1159,Texas Tech,5,0,12,24.22,118.5,12,94.2,18,68.9,334,-8,1.01,-2.7
2026,1158,Troy,13,0,124,2.88,104.6,160,101.7,109,70.8,204,-19,-1.16,-5.9
2026,1157,UCF,10,0,64,12.68,110.4,76,97.7,52,73.4,29,10,2.36,-4.2
2026,1156,UCLA,7,0,10,25,116.9,18,91.9,7,68.7,346,-17,-3.34,-4.1
2026,1155,UMBC,16,0,296,-10.14,101.8,223,112,342,73.3,30,111,8.48,-7.1
2026,1154,Utah St.,9,0,42,17.5,116.6,21,99.1,72,71.2,158,12,3.26,-3.5
2026,1153,Vanderbilt,5,0,19,21.9,116.7,19,94.8,23,72.8,46,7,5.61,-3.9
2026,1152,VCU,11,0,60,13.71,108.6,97,94.9,24,74.1,10,15,3.49,-5.6
2026,1151,Villanova,8,0,50,15.42,112.2,52,96.8,44,70.8,203,17,4.55,-5.6
2026,1150,Virginia,3,0,59,13.94,112.9,48,99,71,69.5,302,46,12.77,-3.8
2026,1149,Wisconsin,5,0,20,21.69,117.1,17,95.4,31,70.6,225,-2,1.71,-1.9
2026,1148,Wright St.,14,0,194,-3.46,103.9,169,107.4,237,71.1,165,54,5.5,-4
2025,1147,Akron,13,64,130,2.94,102.6,143,99.7,126,69.7,291,31,3.63,1.6
2025,1146,Alabama,2,8,4,25.61,118.7,1,93.1,30,75,3,-2,4.32,-0.1
2025,1145,Alabama St.,16,64,280,-8.7,95.2,308,103.9,227,70.9,190,7,-0.54,-3.1
2025,1144,American,16,68,232,-5.32,100.4,187,105.7,277,67.7,357,-5,-0.65,-4.2
2025,1143,Arizona,4,16,8,23.83,114.5,11,90.7,9,74.6,6,-6,1.9,-4.7
2025,1142,Arkansas,10,16,25,18.41,110.6,37,92.2,21,73.2,32,-15,-0.7,-3.9
2025,1141,Auburn,1,4,3,26.2,115.5,9,89.3,5,72.6,58,-1,8.85,-5.1
2025,1140,Baylor,9,32,11,23.22,115.5,7,92.3,23,69.8,285,-18,-2.07,-5.3
2025,1139,Bryant,15,64,147,0.87,99.5,218,98.7,104,75.6,1,-2,0.31,-3.1
2025,1138,BYU,6,16,21,19.18,112.3,19,93.2,31,71.6,125,-3,3.21,-4.4
2025,1137,Clemson,5,64,24,18.55,112.1,22,93.5,36,70,265,6,5.38,-5.8
2025,1136,Colorado St.,12,32,77,10.99,106.9,81,95.9,75,70.1,257,35,6.3,-4.1
2025,1135,Connecticut,8,32,5,25.51,115.4,10,89.9,6,69.1,325,-30,-6.17,-5.4
2025,1134,Creighton,9,32,12,23.06,115.7,3,92.7,26,70.7,205,-25,-4.35,-3.7
2025,1133,Drake,11,32,133,2.73,102.2,150,99.5,118,71.2,157,75,11.41,-12.4
2025,1132,Duke,1,4,2,26.54,115.5,8,89,3,69.9,278,1,11.62,-4.2
2025,1131,Florida,1,1,26,18.38,112.1,20,93.8,38,73.6,23,24,17.78,-4
2025,1130,Georgia,9,64,65,12.3,107,80,94.7,51,71.4,138,31,7.09,-5
2025,1129,Gonzaga,8,32,9,23.38,117.6,2,94.2,44,72.8,48,0,3.91,-2.6
2025,1128,Grand Canyon,13,64,55,14.07,109.7,47,95.7,67,70.9,189,-38,-6.85,0.5
2025,1127,High Point,13,64,108,5.24,107.9,66,102.7,188,71.8,119,24,4.07,-5.4
2025,1126,Houston,1,2,1,29.42,115.6,5,86.2,1,67.8,356,-2,6.02,-6.4
2025,1125,Illinois,6,32,23,18.68,112.6,16,93.9,40,72.4,76,3,4.88,-1.1
2025,1124,Iowa St.,3,32,6,24.43,112.5,17,88,2,70.2,243,-4,2.56,-1.6
2025,1123,Kansas,7,64,7,24.41,115.7,4,91.2,10,72.1,93,-14,-1.15,-3.7
2025,1122,Kentucky,3,16,43,15.59,111.4,29,95.8,71,72.6,61,27,8.66,-1.7
2025,1121,Liberty,12,64,106,5.65,104.4,114,98.8,105,68.4,343,44,7.88,-3
2025,1120,Lipscomb,14,64,137,2.14,105.4,102,103.3,207,72,100,54,7.34,-6.1
2025,1119,Louisville,8,64,64,12.38,108.1,64,95.7,70,73.5,24,41,10.26,-4.8
2025,1118,Marquette,7,64,22,19.16,112.1,21,92.9,27,72,105,-6,2.42,-4.4
2025,1117,Maryland,4,16,38,16.64,107.1,79,90.5,8,69.5,305,26,9.71,0.3
2025,1116,McNeese St.,12,32,103,6.09,105.7,100,99.6,124,70.6,209,44,7.6,-5.3
2025,1115,Memphis,5,64,42,15.72,109.9,46,94.1,42,74,16,-9,-0.37,-3.2
2025,1114,Michigan,5,16,36,16.94,111.2,34,94.3,45,71.3,148,11,5.33,-1.9
2025,1113,Michigan St.,2,8,35,17,108.9,56,91.8,15,69.6,302,27,10.57,-1.9
2025,1112,Mississippi,6,16,46,15.34,113.5,15,98.1,96,69.9,273,20,6.75,-1.9
2025,1111,Mississippi St.,8,64,32,17.92,111.4,30,93.4,35,69.8,289,,2.18,-1.6
2025,1110,Missouri,6,64,52,14.5,110.4,39,95.9,72,70.5,220,37,9.92,-2.3
2025,1109,Montana,14,64,178,-1.2,103.2,133,104.4,242,69.6,299,21,1.58,-2.6
2025,1108,Mount St. Mary's,16,64,269,-7.77,95.4,305,103.2,204,71.6,126,19,1.1,-4.3
2025,1107,Nebraska Omaha,15,64,319,-12.45,96,285,108.5,338,71,180,163,12.96,-3.3
2025,1106,New Mexico,10,32,62,12.71,107.6,70,94.9,54,74.3,11,21,4.61,-1.6
2025,1105,Norfolk St.,16,64,231,-5.28,99.1,227,104.4,241,70,271,51,3.75,-3.6
2025,1104,North Carolina,11,64,15,22.08,114,14,92,18,73.1,38,-18,-2.53,-2.7
2025,1103,Oklahoma,9,64,40,16.16,108.6,59,92.4,24,70,272,2,2.2,-1.4
2025,1102,Oregon,5,32,29,18.13,111.5,27,93.4,33,70.5,219,-2,2.02,-2.9
2025,1101,Purdue,4,16,10,23.37,115.6,6,92.3,22,69.9,276,-9,0.47,-5
2025,1100,Robert Morris,15,64,287,-9.31,96.5,278,105.9,283,70.4,231,148,11.4,-2.6
2025,1099,Saint Francis,16,68,351,-17.09,92.1,345,109.2,348,70.1,252,40,4.33,-3.2
2025,1098,Saint Mary's,7,32,34,17.01,110,44,93,28,66.8,361,12,6.08,-5.1
2025,1097,San Diego St.,11,68,48,15.03,107.2,77,92.1,20,69.6,300,2,1.24,-3.6
2025,1096,SIU Edwardsville,16,64,321,-12.85,94.5,317,107.4,317,71.1,167,104,8.53,-5.3
2025,1095,St. John's,2,32,19,19.82,111.7,25,91.9,17,72.1,87,8,6.55,-2
2025,1094,Tennessee,2,8,13,22.12,111.2,35,89,4,71.4,142,8,9.03,-7.8
2025,1093,Texas,11,68,18,20.11,111.4,28,91.3,11,71,178,-26,-2.96,-3.7
2025,1092,Texas A&M,4,32,16,21.46,114.1,13,92.6,25,69.8,284,-1,2.62,-3.7
2025,1091,Texas Tech,3,8,14,22.1,112.4,18,90.3,7,68.5,337,7,5.95,-3.1
2025,1090,Troy,14,64,126,3.5,101.3,170,97.8,92,72.2,83,28,3.38,-5.9
2025,1089,UC San Diego,12,64,129,2.96,104.6,111,101.6,162,69.9,275,93,15.81,-4.3
2025,1088,UCLA,7,32,28,18.26,111.3,32,93.1,29,67.9,354,1,3.5,-3.1
2025,1087,UNC Wilmington,14,64,156,-0.09,101.8,157,101.9,167,69.5,308,51,5.23,-4.2
2025,1086,Utah St.,10,64,72,11.36,107.9,65,96.6,79,71.6,128,20,3.87,-4
2025,1085,Vanderbilt,10,64,95,8.17,107.3,76,99.1,111,72.4,75,46,7.99,-2.9
2025,1084,VCU,11,64,41,15.76,109.2,54,93.4,32,70,267,11,4.85,-3.9
2025,1083,Wisconsin,3,32,47,15.17,110,45,94.8,52,68.9,332,34,10.8,-1.4
2025,1082,Wofford,15,64,110,4.53,107.7,69,103.1,201,69.6,298,-10,-0.37,-5.6
2025,1081,Xavier,11,64,33,17.89,111.9,23,94,41,73.1,39,-10,-0.69,-4.1
2025,1080,Yale,13,64,109,5.09,103.6,125,98.5,102,69.5,309,36,5.96,-2.3
2024,1079,Akron,14,64,102,4.86,101.1,124,96.3,100,69.6,287,-20,-0.27,-3.6
2024,1078,Alabama,4,4,10,22.43,110.5,14,88,11,75.4,1,-4,0.53,-2.9
2024,1077,Arizona,2,16,6,23.27,112.6,4,89.4,23,74.7,4,0,3.28,-2.5
2024,1076,Auburn,4,64,15,21.02,109.6,16,88.6,15,71.7,126,11,6.97,-1.7
2024,1075,Baylor,3,32,7,23.13,112.1,5,89,20,70.3,241,-8,-1.22,-4.5
2024,1074,Boise St.,10,68,63,11.88,105.9,51,94,70,70.3,242,19,4.09,-3.6
2024,1073,BYU,6,64,36,16.6,107.7,35,91.1,39,72.4,71,18,3.36,-3.2
2024,1072,Clemson,6,8,51,13.91,106.4,45,92.5,53,70.9,187,32,5.52,-4.6
2024,1071,Colgate,14,64,133,2.65,103.3,86,100.6,206,71.4,149,-17,-1.15,-5
2024,1070,College of Charleston,13,64,97,5.5,103.7,78,98.2,142,74.3,11,-4,2.02,-4
2024,1069,Colorado,10,32,28,18.12,108.6,24,90.5,31,71.7,125,4,0.91,-4.1
2024,1068,Colorado St.,10,64,74,9.51,107,39,97.5,122,70.3,236,38,7.5,-4.2
2024,1067,Connecticut,1,1,4,25.53,111.8,8,86.3,4,70.4,228,3,10.89,-5.8
2024,1066,Creighton,3,16,12,22.1,110.8,11,88.7,18,71.5,144,1,2.12,-4.6
2024,1065,Dayton,7,32,69,10.22,103.6,80,93.4,64,67.6,353,37,7.08,-3.1
2024,1064,Drake,10,64,80,8.84,103.1,92,94.2,73,70.4,230,27,5.69,-2.4
2024,1063,Duke,4,8,9,22.57,111.9,7,89.3,22,69.4,302,2,3.91,-3
2024,1062,Duquesne,11,32,89,7.25,102.8,96,95.5,90,71.6,140,1,1.95,-5.3
2024,1061,Florida,7,64,39,15.97,106.5,43,90.5,32,72.3,80,13,2.22,-0.3
2024,1060,Florida Atlantic,8,64,37,16.32,108.2,32,91.8,45,71.3,161,-10,-0.58,-3
2024,1059,Gonzaga,5,16,5,25.38,114.9,1,89.6,26,73.9,20,-7,-2.22,-5
2024,1058,Grambling St.,16,64,266,-7.72,91.8,320,99.6,177,70.8,194,7,0.63,-6
2024,1057,Grand Canyon,12,32,83,7.86,104,72,96.2,98,69.3,309,31,6.98,-0.8
2024,1056,Houston,1,16,3,26.1,112.7,3,86.6,5,68.3,344,1,5.07,-4.8
2024,1055,Howard,16,68,237,-5.49,96.6,233,102.1,241,72.6,58,-38,-2.89,-4.8
2024,1054,Illinois,3,8,19,20.16,109.3,18,89.2,21,72.5,67,9,4.37,-2.6
2024,1053,Iowa St.,2,16,31,17.45,103.6,79,86.2,3,69.3,310,23,9.02,-2.1
2024,1052,James Madison,12,32,136,2.5,101.1,129,98.6,151,73.7,23,73,9.92,-4
2024,1051,Kansas,4,32,2,26.31,111.3,9,85,1,72.3,79,-25,-8.36,-3.2
2024,1050,Kentucky,3,64,18,20.3,111.2,10,90.9,35,70.1,254,-5,-1,2.6
2024,1049,Long Beach St.,15,64,120,3.42,101.4,116,98,135,75.1,3,-45,-3.67,-3.6
2024,1048,Longwood,16,64,231,-4.78,95.5,256,100.3,199,69.9,265,70,5.14,-3.1
2024,1047,Marquette,2,16,11,22.17,112,6,89.9,28,71.4,146,-2,0.84,-2.4
2024,1046,McNeese St.,12,64,187,-1.14,100.9,135,102,237,71.9,114,120,12.94,-6.1
2024,1045,Michigan St.,9,32,13,21.56,109.5,17,88,10,69.7,284,-3,-0.97,-4.4
2024,1044,Mississippi St.,8,64,27,18.13,105.9,53,87.7,8,68.3,343,-7,-1.06,-1.3
2024,1043,Montana St.,16,68,284,-9.09,93.6,289,102.7,262,70.9,192,61,4.44,-1.9
2024,1042,Morehead St.,14,64,212,-3.59,98,204,101.6,229,68.4,342,96,8.74,-4.1
2024,1041,Nebraska,8,64,58,12.34,106.2,48,93.8,68,72.1,101,28,5.21,-3.1
2024,1040,Nevada,10,64,67,10.5,104.2,71,93.6,66,71.1,168,27,5.91,-4.4
2024,1039,New Mexico,11,64,46,14.24,108.4,29,94.2,72,73.7,24,17,3.55,-0.9
2024,1038,North Carolina,1,16,17,20.65,110,15,89.4,24,72.5,59,8,5.54,-1.9
2024,1037,North Carolina St.,11,4,61,12.11,105.7,54,93.6,65,72.2,88,16,3.79,-4.2
2024,1036,Northwestern,9,32,40,15.75,106.8,41,91,38,69.4,306,-1,0.66,-5.2
2024,1035,Oakland,14,32,271,-7.96,95.8,247,103.8,298,71.6,133,140,11.69,-5.1
2024,1034,Oregon,11,32,41,15.74,107.8,34,92,50,70.2,246,-14,-1.55,-3
2024,1033,Purdue,1,2,1,26.63,114.9,2,88.3,14,68.8,331,-2,3.99,-1.8
2024,1032,Saint Mary's,5,64,38,16.08,107.1,38,91,37,66.8,359,18,3.34,-4.3
2024,1031,Saint Peter's,15,64,290,-9.56,89.8,342,99.4,170,68.1,349,89,6.54,-4.1
2024,1030,Samford,13,64,139,2.4,100.6,139,98.2,140,72.3,77,58,7.63,0.5
2024,1029,San Diego St.,5,16,29,17.95,106,50,88.1,12,69.6,286,7,1.41,-3.4
2024,1028,South Carolina,6,64,66,10.79,103.6,81,92.8,56,68.9,327,12,3.61,-5.7
2024,1027,South Dakota St.,15,64,117,3.47,103.6,82,100.1,194,71,173,-21,-0.77,-3.1
2024,1026,Stetson,16,64,207,-2.99,101.3,119,104.2,311,69.2,315,-13,-1.52,-2.7
2024,1025,TCU,9,64,30,17.81,106.4,44,88.6,16,72,108,-13,-1.77,-2.2
2024,1024,Tennessee,2,8,8,22.83,108,33,85.2,2,69.6,285,3,3.78,-0.3
2024,1023,Texas,7,32,16,20.78,108.4,30,87.6,6,71.7,123,-9,-2.01,-4.3
2024,1022,Texas A&M,9,32,24,18.63,108.5,27,89.9,27,69.5,294,-11,-1.61,-3
2024,1021,Texas Tech,6,64,43,15.16,105.1,63,89.9,30,66.2,361,12,2.17,0.6
2024,1020,UAB,12,64,90,7.17,103.4,85,96.3,99,73.2,29,-16,-0.68,-5.4
2024,1019,Utah St.,8,32,101,5.21,101.6,113,96.4,103,70.8,201,50,9.67,-1.9
2024,1018,Vermont,13,64,137,2.48,101.2,120,98.7,155,68.9,325,33,4.12,-5.6
2024,1017,Virginia,10,68,33,17.14,106.6,42,89.4,25,65.7,362,-35,-5.34,-5.5
2024,1016,Wagner,16,64,295,-10.24,91.3,326,101.6,228,67.4,355,3,0.24,-5.8
2024,1015,Washington St.,7,32,84,7.6,102.7,99,95.1,83,69.5,300,42,8.73,-4.6
2024,1014,Western Kentucky,15,64,173,-0.1,98.4,189,98.5,148,72.3,82,38,3,3
2024,1013,Wisconsin,5,64,20,20.01,108.2,31,88.2,13,68.2,346,3,0.05,-2.7
2024,1012,Yale,13,32,71,10,105,66,95,82,70.7,204,-19,-0.93,-5.8
2023,1011,Alabama,1,16,17,20.63,111.3,13,90.7,34,75.6,4,13,6.65,-3
2023,1010,Arizona,2,64,10,23.21,112.7,6,89.5,20,75.1,9,-1,-1.31,-3.1
2023,1009,Arizona St.,11,64,75,11.21,103,108,91.8,48,72.6,85,20,2.05,-4.5
2023,1008,Arkansas,8,16,14,22.79,109.4,25,86.6,6,74.1,20,-8,-4.74,-4.5
2023,1007,Auburn,9,32,13,22.92,111.4,12,88.5,14,73.7,37,-19,-6.14,-6.1
2023,1006,Baylor,3,32,6,25.52,113.7,4,88.2,12,71.2,217,-10,-5.84,-4.7
2023,1005,Boise St.,10,64,87,9.01,102.6,112,93.6,75,70.1,299,50,6.84,-3.9
2023,1004,Colgate,15,64,115,5.49,103.2,101,97.7,138,71.6,170,0,-0.25,-4.1
2023,1003,College of Charleston,12,64,195,-3.11,98.6,179,101.7,232,76.1,1,124,14.96,-5.3
2023,1002,Connecticut,4,1,27,19.17,108.8,30,89.6,25,70.1,291,26,10.69,-3.5
2023,1001,Creighton,6,8,23,19.36,108.8,29,89.5,21,71.8,153,11,2.47,-3.9
2023,1000,Drake,12,64,79,10.65,106.9,49,96.3,109,71,237,10,1.26,-4.7
2023,999,Duke,5,32,15,22.27,113.8,3,91.6,42,71.7,163,-3,-2.92,-6.9
2023,998,Fairleigh Dickinson,16,32,355,-20.45,89,350,109.4,354,72.5,95,90,12.09,-3.8
2023,997,Florida Atlantic,9,4,89,8.63,104.7,75,96.1,108,71.7,164,72,10.75,-4.1
2023,996,Furman,13,32,69,11.76,107.6,42,95.8,102,70.2,287,-23,-3.75,-1.9
2023,995,Gonzaga,3,8,3,27.67,117.4,1,89.7,26,75.3,7,-5,-4.65,-4.9
2023,994,Grand Canyon,14,64,96,7.67,102.5,114,94.8,91,70,301,-12,-1.79,-5.1
2023,993,Houston,1,16,7,24.3,111,17,86.7,7,69.1,339,5,3.41,-5.6
2023,992,Howard,16,64,239,-5.84,95.6,236,101.5,222,73.7,36,21,2.46,-4.7
2023,991,Illinois,9,64,33,17.68,107.5,43,89.8,27,71.8,148,-2,-1.46,-2.3
2023,990,Indiana,4,32,12,23.02,109.8,22,86.7,8,71.6,171,-18,-5.99,-3.8
2023,989,Iona,13,64,116,5.39,101.3,132,95.9,105,72.4,101,40,5.96,-3.8
2023,988,Iowa,8,64,22,19.37,113,5,93.6,76,73.4,47,-19,-3.98,-3.9
2023,987,Iowa St.,6,64,62,12.58,103.4,99,90.8,36,71.2,214,33,4.46,-7.1
2023,986,Kansas,1,32,8,24.22,111,16,86.8,9,72.8,74,-1,-1.38,-3.6
2023,985,Kansas St.,3,8,77,10.91,103.6,94,92.7,67,71.5,181,56,7.6,-1.4
2023,984,Kennesaw St.,14,64,207,-3.9,98.2,193,102.1,241,71.1,224,84,7.95,-2.7
2023,983,Kent St.,13,64,123,4.2,103,107,98.8,157,71.1,227,45,7,-3.4
2023,982,Kentucky,6,32,1,29.78,114.5,2,84.7,3,71.5,175,-26,-12.38,-5.7
2023,981,Louisiana Lafayette,13,64,145,1.68,101.2,135,99.5,171,73.7,35,57,6.83,-5.4
2023,980,Marquette,2,32,76,11.07,104.6,78,93.5,71,73,66,66,11.31,-4.9
2023,979,Maryland,8,32,56,14.16,106.5,53,92.3,60,71.7,165,33,3.83,-7.5
2023,978,Memphis,8,64,34,17.51,106,60,88.5,15,74.2,19,14,1.02,-3
2023,977,Miami FL,5,4,42,16.07,108.2,32,92.1,56,71.7,166,18,1.87,-2.8
2023,976,Michigan St.,7,16,31,18.15,109.4,26,91.2,38,71.6,168,5,-0.54,-7
2023,975,Mississippi St.,11,68,53,14.69,106.4,55,91.7,47,70.2,284,0,-1.19,-6.6
2023,974,Missouri,7,32,41,16.09,107.9,39,91.8,50,71.2,210,-16,-3.02,-2.5
2023,973,Montana St.,14,64,173,-0.63,100.2,152,100.8,208,71.6,172,60,6.12,-5.3
2023,972,Nevada,11,68,132,2.85,101.7,127,98.9,158,73.9,25,70,9.88,-8
2023,971,North Carolina St.,11,64,81,9.8,106.3,56,96.5,118,71.9,140,29,3.75,-3
2023,970,Northern Kentucky,16,64,151,1.2,101.4,130,100.2,192,69.4,332,-9,-0.55,-7.3
2023,969,Northwestern,7,32,70,11.73,103.6,93,91.9,52,71.3,201,32,3.87,-6.8
2023,968,Oral Roberts,12,64,120,4.66,107.1,46,102.4,249,73.3,50,48,6.99,-3.2
2023,967,Penn St.,10,32,46,15.56,108,35,92.5,62,67.9,358,10,0.49,-3.7
2023,966,Pittsburgh,11,32,84,9.19,104.1,83,94.9,95,69.5,323,25,3.67,-2.2
2023,965,Princeton,15,16,143,1.88,102.8,110,100.9,209,70.9,244,52,6.16,-4
2023,964,Providence,11,64,57,13.74,105.5,65,91.8,51,70.3,278,17,1.66,-3.6
2023,963,Purdue,1,64,25,19.24,111.4,11,92.2,58,70.4,272,18,4.01,-6.2
2023,962,Saint Mary's,5,32,47,15.41,104.8,73,89.3,19,68.3,351,34,5.83,-6.6
2023,961,San Diego St.,5,2,18,20.37,106.8,50,86.4,5,70.1,297,4,-0.03,-4.4
2023,960,Southeast Missouri St.,16,68,309,-11.82,95.3,245,107.1,341,74.2,18,52,4.61,-1.9
2023,959,TCU,6,32,16,22.15,109.3,27,87.2,11,70.6,255,-9,-4.37,-0.9
2023,958,Tennessee,4,16,4,27.11,111.5,10,84.4,2,71.2,208,-2,-3.31,-6.2
2023,957,Texas,2,8,2,28.4,111.6,9,83.2,1,69.2,336,-3,-3.97,-0.4
2023,956,Texas A&M,7,64,45,15.62,104.9,72,89.3,17,70.5,261,12,1.08,-4.6
2023,955,Texas A&M Corpus Chris,16,64,212,-4.31,95.6,235,100,184,73.1,56,36,3.83,-4.1
2023,954,Texas Southern,16,68,233,-5.2,94.7,259,99.9,180,73.3,49,-72,-5.96,-4.2
2023,953,UC Santa Barbara,14,64,106,6.54,104.1,84,97.5,130,69.9,309,-6,-0.86,-5.2
2023,952,UCLA,2,16,11,23.13,112.4,7,89.3,18,69.4,330,8,4.15,-3.4
2023,951,UNC Asheville,15,64,187,-2.6,98.4,183,101,214,71.1,230,39,3.82,-2.8
2023,950,USC,10,64,36,17.26,107.7,40,90.5,31,71.1,228,-9,-2.42,-3.1
2023,949,Utah St.,10,64,68,11.79,104.3,82,92.5,64,71,235,40,5.6,-2.4
2023,948,VCU,12,64,94,7.84,99.9,160,92.1,55,72.7,82,34,5.01,-4.8
2023,947,Vermont,15,64,100,7.12,103.5,96,96.4,113,69.6,319,-14,-1.79,-5.3
2023,946,Virginia,4,64,5,25.75,111.2,14,85.4,4,65.1,363,-29,-9.38,-3.6
2023,945,West Virginia,9,64,73,11.33,103.7,90,92.4,61,72.4,105,54,7.49,-3.9
2023,944,Xavier,3,16,38,16.47,108.1,34,91.7,45,71.3,205,23,3.47,-0.8
2022,943,Akron,13,64,140,3.19,102.3,131,99.1,147,72.3,168,14,0.44,-10.2
2022,942,Alabama,6,64,19,20.5,111.7,13,91.2,32,76.4,5,-9,-3.94,-4.5
2022,941,Arizona,1,16,47,15.56,107.7,52,92.1,39,72.3,169,42,10.4,0
2022,940,Arkansas,4,8,15,21.06,110.4,21,89.4,11,75.1,25,-3,-1.59,-4.4
2022,939,Auburn,2,32,28,18.2,110.4,22,92.2,40,74.5,38,16,5.01,-4.4
2022,938,Baylor,1,32,6,24.75,114.1,5,89.4,12,71.1,258,2,2.29,-3.7
2022,937,Boise St.,8,64,80,10.69,105.2,84,94.5,72,72.8,135,41,4.45,-8.3
2022,936,Bryant,16,68,204,-3.5,99.8,178,103.3,248,75.7,14,15,2.18,-3.1
2022,935,Cal St. Fullerton,15,64,206,-3.6,100.4,168,104,267,74.5,36,52,5.06,-8.5
2022,934,Chattanooga,13,64,156,0.63,101.1,156,100.5,177,70.8,278,89,10.88,-6
2022,933,Colgate,14,64,121,5.28,105.7,79,100.4,176,74,57,4,-0.87,-6.8
2022,932,Colorado St.,6,64,72,12.32,107.8,48,95.5,90,72.6,147,26,2.13,-7.2
2022,931,Connecticut,5,64,21,19.12,109.3,35,90.1,22,70.7,281,-1,-0.57,-6
2022,930,Creighton,9,32,53,14.29,107.4,60,93.1,53,73,118,3,-0.51,-5.8
2022,929,Davidson,10,64,91,8.92,106.3,71,97.3,117,68.5,351,51,5.93,-3.8
2022,928,Delaware,15,64,150,1.34,100.9,159,99.5,159,70.6,289,9,1.3,-4
2022,927,Duke,2,4,10,21.95,111.7,12,89.8,17,73.1,111,2,3.2,-5.8
2022,926,Georgia St.,16,64,102,6.69,105.7,80,99,145,74,56,-48,-5.09,-6.7
2022,925,Gonzaga,1,16,1,31.52,120.1,1,88.5,7,75.9,11,0,-0.57,-3.4
2022,924,Houston,5,8,11,21.89,110.8,19,88.9,8,69.7,332,9,5.81,-6.1
2022,923,Illinois,4,32,4,25.01,112.2,11,87.2,2,73.8,69,-16,-6.27,-6.6
2022,922,Indiana,12,64,30,17.97,108.2,42,90.2,23,71.7,216,-18,-3.93,-4.5
2022,921,Iowa,5,64,23,18.74,112.2,10,93.5,58,73.8,75,10,3.98,-4.1
2022,920,Iowa St.,11,16,113,5.78,101.4,151,95.6,91,71.9,205,70,8.86,-5.6
2022,919,Jacksonville St.,15,64,136,3.57,103.1,121,99.5,158,70.5,298,-12,-1.6,-5.4
2022,918,Kansas,1,1,3,26.32,114.4,4,88.1,5,72.5,151,0,1.16,-3.2
2022,917,Kentucky,2,64,17,20.89,111.5,15,90.6,26,72.3,166,11,4.83,-4.8
2022,916,Longwood,14,64,246,-6.53,94.6,274,101.1,192,70.4,303,101,8.75,-4.3
2022,915,Loyola Chicago,10,64,32,17.69,109.3,34,91.6,34,71,263,3,-1.17,-6.3
2022,914,LSU,6,64,43,15.89,109.8,27,93.9,63,73.9,61,22,2.75,-5.3
2022,913,Marquette,9,64,87,9.84,104,105,94.2,67,71.7,214,31,3.22,-0.8
2022,912,Memphis,9,32,16,20.94,108.6,39,87.6,3,75.2,22,-8,-3.71,-5.4
2022,911,Miami FL,10,8,83,10.28,105.9,77,95.6,92,71.6,226,42,4.52,-3.8
2022,910,Michigan,11,16,2,28.3,114.8,3,86.5,1,71.5,238,-25,-11.7,-4.8
2022,909,Michigan St.,7,32,22,18.83,108.1,43,89.2,10,72.1,177,-20,-4.07,-4.6
2022,908,Montana St.,14,64,175,-1.07,100.2,174,101.2,195,72.1,179,37,4.01,-4.6
2022,907,Murray St.,7,32,128,4.61,103,122,98.4,137,71.3,249,92,10.81,-5.2
2022,906,New Mexico St.,12,32,110,6.04,103.1,120,97.1,116,69.8,325,30,4.58,-3.7
2022,905,Norfolk St.,16,64,305,-12.13,92.2,321,104.3,272,72,190,129,11.64,-5.2
2022,904,North Carolina,8,2,40,16.12,110.2,23,94.1,66,73.5,86,24,4.02,-3.3
2022,903,Notre Dame,11,32,27,18.2,114,6,95.8,96,71.2,250,-11,-2.95,-5.6
2022,902,Ohio St.,7,32,8,23.01,113.1,8,90.1,19,70.9,266,-23,-6.77,-5.9
2022,901,Providence,4,16,85,10.12,104.8,92,94.7,77,71,262,53,5.77,-5.8
2022,900,Purdue,3,16,5,24.93,115,2,90,18,70.7,283,-9,-2.57,-4.6
2022,899,Richmond,12,32,64,13.07,107.5,56,94.4,69,72.2,171,-21,-3.62,-5.4
2022,898,Rutgers,11,68,69,12.51,105,87,92.5,43,71.5,231,-8,-1.69,-6.6
2022,897,Saint Mary's,5,32,41,16.07,107.1,63,91.1,30,67.9,355,24,3.46,-4.3
2022,896,Saint Peter's,15,8,171,-0.58,94.9,271,95.5,88,70.9,272,69,7.82,-5
2022,895,San Diego St.,8,64,33,17.59,106.8,66,89.2,9,70.4,302,8,-0.52,-5
2022,894,San Francisco,10,64,34,17.37,109.2,37,91.8,38,72.1,180,11,0.01,-3.2
2022,893,Seton Hall,8,64,50,15.09,107.5,57,92.4,42,71.6,224,-2,-1.48,-4.2
2022,892,South Dakota St.,13,64,89,9.06,109.2,36,100.2,172,73.7,80,8,1.52,-4.3
2022,891,TCU,9,32,75,11.61,106.2,72,94.6,76,71.2,253,49,5.41,-5.3
2022,890,Tennessee,3,32,13,21.64,110,25,88.4,6,71.4,244,4,3.46,-4
2022,889,Texas,6,32,14,21.16,111.3,16,90.1,20,70.5,297,-1,-0.29,-6.7
2022,888,Texas A&M Corpus Chris,16,68,343,-20.17,88.1,346,108.3,335,72.9,121,98,13.62,-3.5
2022,887,Texas Southern,16,64,239,-6.07,96.4,245,102.5,231,75.3,20,52,4.79,-7.1
2022,886,Texas Tech,3,16,12,21.71,109.7,30,88,4,68.7,347,5,3.93,-2.2
2022,885,UAB,12,64,71,12.34,105.5,83,93.1,55,72.1,178,20,1.33,-3.2
2022,884,UCLA,4,16,7,23.4,113,9,89.6,14,68.8,346,-4,0.85,-3.6
2022,883,USC,7,64,20,19.98,109.5,32,89.5,13,71.8,206,-27,-5.84,-5.6
2022,882,Vermont,13,64,104,6.6,103,124,96.4,107,70.4,301,50,6.6,-5.5
2022,881,Villanova,2,4,9,22.19,114,7,91.8,37,69.4,340,-1,2.37,-7.1
2022,880,Virginia Tech,11,64,39,16.53,109.3,33,92.8,48,70.3,306,20,2.33,-7
2022,879,Wisconsin,3,32,44,15.89,105.7,81,89.8,16,69,345,7,-0.55,-2.5
2022,878,Wright St.,16,64,109,6.05,104,107,97.9,125,74,58,-63,-6.33,-5.1
2022,877,Wyoming,12,68,182,-1.57,101.6,144,103.1,245,72.7,140,117,13.51,-6.6
2022,876,Yale,14,64,165,-0.02,103.4,117,103.4,251,72.3,164,18,2.01,-3.5
2021,875,Abilene Christian,14,32,156,0.05,97,186,97,140,71.8,191,72,10.06,-2.5
2021,874,Alabama,2,16,46,15.68,106.6,37,90.9,60,76.7,6,37,9.4,-3.3
2021,873,Appalachian St.,16,68,192,-2.91,96.9,191,99.8,199,70.8,269,-20,-1.8,-5.4
2021,872,Arkansas,3,8,54,14.91,106.2,44,91.2,63,74.1,48,36,6.65,-1.5
2021,871,Baylor,1,1,3,26.24,112.1,3,85.8,8,70.2,307,1,7.63,-2.7
2021,870,BYU,6,64,88,8.89,104.1,74,95.2,109,73.4,69,68,12.23,-5.8
2021,869,Clemson,7,64,40,16.7,106,46,89.3,39,70,311,-5,-1.23,-6
2021,868,Cleveland St.,15,64,213,-5.01,94.2,254,99.2,184,71.2,242,44,4.88,-5.1
2021,867,Colgate,14,64,145,1.53,101.6,104,100.1,204,71.4,223,56,7.72,0.7
2021,866,Colorado,5,32,62,14,104.6,63,90.6,54,71.9,176,54,11.1,-5.8
2021,865,Connecticut,7,64,43,16.26,106.9,35,90.6,53,71.8,189,22,4.35,-6.3
2021,864,Creighton,5,16,14,21.17,111.3,6,90.1,45,72.6,126,-8,-0.58,-3.9
2021,863,Drake,11,64,158,-0.28,98.4,157,98.7,172,72.1,164,103,14.55,-5.8
2021,862,Drexel,16,64,162,-0.68,99.7,133,100.4,218,72,167,4,1.35,-8.1
2021,861,Eastern Washington,14,64,143,1.73,100.5,121,98.8,178,74.4,34,38,6.46,-2.3
2021,860,Florida,7,32,24,19.49,107.8,24,88.3,24,69.9,318,-17,-2.54,-1.6
2021,859,Florida St.,4,16,18,20.02,107.5,26,87.4,15,73.6,62,3,2.1,-3.7
2021,858,Georgetown,12,64,87,9.07,102.7,88,93.6,88,73.7,57,24,3.84,-4
2021,857,Georgia Tech,9,64,72,11.32,102.8,85,91.5,67,73,92,35,6.18,-5.7
2021,856,Gonzaga,1,2,1,27.91,114.1,1,86.2,10,74.3,41,0,8.58,-0.5
2021,855,Grand Canyon,15,64,165,-0.95,97,188,98,156,71.2,245,62,9.27,-6.3
2021,854,Hartford,16,64,307,-11.22,92.2,294,103.4,296,71.9,184,113,8.24,-4.9
2021,853,Houston,2,4,21,19.73,110.1,9,90.4,49,70.2,304,16,9.01,-5.8
2021,852,Illinois,1,32,17,20.03,108.1,21,88.1,20,71.2,246,13,9.03,-0.7
2021,851,Iona,15,64,263,-8.25,94.3,252,102.5,281,72.1,160,85,7.48,-4.5
2021,850,Iowa,2,32,13,21.23,113.2,2,92,72,73.5,64,6,5.64,-3.7
2021,849,Kansas,3,32,5,24.32,108.8,12,84.5,2,71.9,180,-22,-4.34,-3.7
2021,848,Liberty,13,64,166,-0.95,95.7,219,96.7,132,66.9,356,68,9.55,-3.8
2021,847,Loyola Chicago,8,16,47,15.49,104.4,68,88.9,32,69.4,335,37,8.83,-5.7
2021,846,LSU,8,32,37,17.4,110.4,7,93,81,73.2,82,13,2.95,-2.6
2021,845,Maryland,10,32,51,15.02,105.8,47,90.8,58,70.9,264,16,2.61,-6.2
2021,844,Michigan,1,8,15,20.95,109.6,11,88.7,30,72.3,141,12,8.72,-5.7
2021,843,Michigan St.,11,68,11,21.76,110.2,8,88.5,27,72.1,163,-53,-8.86,-3.8
2021,842,Missouri,9,64,59,14.31,104.7,61,90.4,51,70.4,289,12,0.83,-2.1
2021,841,Morehead St.,14,64,318,-12.33,92.2,295,104.5,316,71.5,214,184,15.52,-6.3
2021,840,Mount St. Mary's,16,68,260,-8.1,92.4,290,100.5,219,69,343,23,1.48,-7.5
2021,839,Norfolk St.,16,64,233,-6.28,91.4,307,97.7,148,71.7,195,23,1.8,-4.2
2021,838,North Carolina,8,64,22,19.73,107.8,23,88.1,21,74.1,42,-12,-1.11,-2.6
2021,837,North Texas,13,32,104,6.41,101.5,109,95.1,107,68.8,348,32,5.36,-6.1
2021,836,Ohio,13,32,131,3.19,99.7,134,96.5,126,71.8,187,50,7.27,-2.6
2021,835,Ohio St.,2,64,10,21.8,108.2,20,86.4,11,70.5,288,-1,1.78,-3.7
2021,834,Oklahoma,8,32,33,18,107.1,31,89.1,34,73.5,66,-6,-0.94,-6.4
2021,833,Oklahoma St.,4,32,34,17.78,106.5,39,88.7,31,71.9,177,1,1.16,0.4
2021,832,Oral Roberts,15,16,204,-3.62,100,130,103.6,301,72.7,116,79,8.44,-1.3
2021,831,Oregon,7,16,20,19.94,108.6,16,88.6,29,69.8,321,4,1.91,-2.6
2021,830,Oregon St.,12,8,111,5.44,102.2,97,96.8,135,69.9,315,68,10.96,-4.4
2021,829,Purdue,4,64,25,19.07,108.4,17,89.3,37,69.8,322,0,1.26,-3.7
2021,828,Rutgers,10,32,27,18.72,105.4,51,86.6,13,71.1,250,-11,-1.25,-3.7
2021,827,San Diego St.,6,64,44,15.84,105.2,52,89.4,41,69.9,314,14,4.03,-4.4
2021,826,St. Bonaventure,9,64,75,11.05,105.5,48,94.4,99,70.5,287,43,7.99,-5.6
2021,825,Syracuse,11,16,31,18.25,107.4,27,89.2,35,71.2,248,-11,-1.5,-2.6
2021,824,Tennessee,5,64,19,19.98,107.6,25,87.6,19,70.3,296,-9,-0.04,-3.2
2021,823,Texas,3,64,9,22.18,106.9,34,84.7,4,70,312,-17,-1.87,-1.4
2021,822,Texas Southern,16,64,234,-6.41,94.9,242,101.3,239,75.8,11,26,2.05,-4.3
2021,821,Texas Tech,6,32,6,23.65,108.6,15,85,5,70.6,280,-11,-1.84,-5.6
2021,820,UC Santa Barbara,12,64,130,3.22,99.5,137,96.2,121,69.5,334,72,10.41,-3.8
2021,819,UCLA,11,4,29,18.38,108.3,18,90,44,69,344,16,4.05,-5.1
2021,818,UNC Greensboro,13,64,89,8.78,102.8,86,94.1,92,71.4,229,-19,-0.98,-3.3
2021,817,USC,6,8,48,15.35,104.8,60,89.5,42,72.6,122,42,12.23,-5.6
2021,816,Utah St.,11,64,69,12.26,103.4,80,91.1,61,72,166,23,3.08,-3.4
2021,815,VCU,10,64,90,8.62,99,147,90.4,50,73,94,42,6.41,-3.4
2021,814,Villanova,5,16,4,25.2,111.4,5,86.2,9,70.2,303,-8,-2.19,-6
2021,813,Virginia,4,64,16,20.48,103.8,76,83.3,1,65,357,-3,0.94,-5.1
2021,812,Virginia Tech,10,64,32,18.17,106.5,38,88.4,25,69.9,317,-20,-3.74,-4.2
2021,811,West Virginia,3,32,8,23.12,108.8,13,85.6,7,73.1,91,-15,-2.61,-3.9
2021,810,Wichita St.,11,68,97,7.59,100.8,118,93.2,83,72.6,124,29,4.71,-5.6
2021,809,Winthrop,12,64,133,2.64,101.1,114,98.4,165,75,19,32,5.84,-1.9
2021,808,Wisconsin,9,32,7,23.55,108.2,19,84.7,3,68.2,351,-7,-1.15,-3.6
2019,807,Abilene Christian,15,64,252,-6.67,96.1,282,102.7,211,73.1,190,100,8.02,-6.9
2019,806,Arizona St.,11,64,52,11.83,108.6,42,96.7,77,75.4,41,-5,-0.28,-4.6
2019,805,Auburn,5,4,17,19.62,111.2,23,91.6,17,76.6,13,6,5.37,-8.7
2019,804,Baylor,9,32,39,14.47,107.6,52,93.2,31,71.5,297,4,2.02,-6.2
2019,803,Belmont,11,64,106,5.48,106,77,100.5,153,73,198,57,8.61,-1.7
2019,802,Bradley,15,64,112,4.78,101.1,163,96.4,71,71.8,274,-49,-4.69,-6.5
2019,801,Buffalo,6,32,72,9.9,108.2,45,98.3,106,76.5,15,50,9.95,-3
2019,800,Cincinnati,7,64,43,13.62,106,78,92.4,26,70,339,14,3.88,-6.6
2019,799,Colgate,15,64,204,-3.46,99.6,200,103.1,220,71.5,295,78,8.06,-5.1
2019,798,Duke,1,8,3,25.51,115.4,5,89.9,5,74,109,-1,5.11,-2
2019,797,Fairleigh Dickinson,16,64,263,-7.4,99.3,208,106.7,305,74.9,58,52,3.17,-8
2019,796,Florida,10,32,20,19.04,109.9,33,90.8,9,73.2,179,-6,-0.75,-10.3
2019,795,Florida St.,4,16,15,20.2,112.6,10,92.4,25,75.5,38,1,2.18,-6.9
2019,794,Gardner Webb,16,64,258,-7.11,97.2,251,104.3,260,73.4,160,95,7.08,-6.1
2019,793,Georgia St.,14,64,89,7.15,104.9,94,97.8,95,72.2,258,-35,-2.3,-2.2
2019,792,Gonzaga,1,8,9,23.23,114.5,7,91.2,13,74.1,108,7,9.63,-3.9
2019,791,Houston,3,16,44,13.41,107.7,51,94.3,42,73,196,32,10.72,-6.9
2019,790,Iona,16,64,152,1.22,103.7,110,102.5,203,75.5,37,-46,-4.11,-4.9
2019,789,Iowa,10,32,35,15.34,112.3,13,97,79,74.9,57,-2,0.67,-5.4
2019,788,Iowa St.,6,64,24,17.95,111.5,19,93.5,34,74,114,9,4.14,-6.3
2019,787,Kansas,4,32,1,29.25,116.5,2,87.3,2,74,112,-16,-7.69,-3.9
2019,786,Kansas St.,4,64,12,20.53,111.4,21,90.9,11,71.3,310,-8,-0.47,-7.9
2019,785,Kentucky,2,8,6,24.56,114.6,6,90,6,73.7,133,-2,3.01,-8.1
2019,784,Liberty,12,32,143,2.05,101.8,150,99.8,136,69.5,346,85,9.49,-7.2
2019,783,Louisville,7,64,62,11.1,106.4,70,95.3,52,74.5,80,39,8.25,-7.3
2019,782,LSU,3,16,48,12.49,110.1,29,97.6,94,73.7,129,29,7.73,-3.7
2019,781,Marquette,5,64,29,16.71,112.9,8,96.2,66,74.3,95,-4,-0.19,-5.5
2019,780,Maryland,6,32,28,16.71,110.4,26,93.7,36,72.2,261,4,2.57,-6.2
2019,779,Michigan,2,16,23,17.95,110.2,28,92.2,22,70.3,337,17,10.37,-5.5
2019,778,Michigan St.,2,4,13,20.39,112.7,9,92.3,23,72.3,248,10,10.42,-5.3
2019,777,Minnesota,10,32,59,11.42,107.6,53,96.2,67,74.3,91,13,2.93,-6.9
2019,776,Mississippi,8,64,94,6.8,105.8,80,99,120,73.7,130,44,7.18,-5.3
2019,775,Mississippi St.,5,64,22,18.16,110,32,91.9,19,73.1,189,1,1.88,-5.3
2019,774,Montana,15,64,75,9.45,106.4,69,97,80,72.6,224,-62,-5.92,-5.7
2019,773,Murray St.,12,32,128,3.02,103.4,117,100.3,144,72.4,244,77,10.81,-3
2019,772,Nevada,7,64,7,24.45,116.8,1,92.4,24,74.5,84,-20,-6.27,-5.1
2019,771,New Mexico St.,12,64,104,5.75,102.5,136,96.7,76,72.5,228,51,7.87,-6.6
2019,770,North Carolina,1,16,4,25.41,115.5,4,90.1,7,75.8,30,-3,2.28,-1.5
2019,769,North Carolina Central,16,68,281,-9.16,96.5,277,105.6,286,70.8,327,-22,-2.39,-5.4
2019,768,North Dakota St.,16,64,211,-3.79,98.7,219,102.5,205,71.6,290,9,0.59,-6.7
2019,767,Northeastern,13,64,78,8.65,107,65,98.3,107,72,268,-11,-1.06,-5.8
2019,766,Northern Kentucky,14,64,134,2.83,102,142,99.2,128,73.3,166,38,4.31,-5.1
2019,765,Ohio St.,11,32,42,13.65,108.5,43,94.9,46,72,267,-2,1.01,-6.2
2019,764,Oklahoma,9,32,51,12.05,107.5,56,95.5,54,77.8,6,19,4.89,-9.2
2019,763,Old Dominion,14,64,85,7.65,102.9,125,95.3,51,69.7,345,-28,-2.2,-5.2
2019,762,Oregon,12,16,26,17.17,109.8,34,92.7,28,72.9,201,-2,0.68,-8.7
2019,761,Prairie View A&M,16,68,301,-10.83,96.7,273,107.5,319,74.6,71,92,6.71,-3.5
2019,760,Purdue,3,8,18,19.56,112.4,12,92.8,30,72.8,204,9,7.25,-6.9
2019,759,Saint Louis,13,64,69,10.39,104.2,102,93.8,37,70.4,336,-37,-4.37,-4
2019,758,Saint Mary's,11,64,76,9.42,107.3,60,97.9,99,69.2,348,45,7.89,-6.5
2019,757,Seton Hall,10,64,54,11.78,107.6,55,95.8,59,73.9,117,-6,-0.28,-4.8
2019,756,St. John's,11,68,40,14.46,108.8,41,94.3,41,75,53,-48,-6.85,-4.1
2019,755,Syracuse,8,64,8,23.46,111.8,17,88.3,3,69.8,344,-31,-8.33,-3.7
2019,754,Temple,11,68,82,8.24,105.7,82,97.5,91,72.8,212,13,1.48,-3.9
2019,753,Tennessee,2,16,11,21.18,111.8,16,90.6,8,72.2,255,1,5.07,-4.4
2019,752,Texas Tech,3,2,25,17.62,109,39,91.4,15,71.3,306,20,12.42,-4.8
2019,751,UC Irvine,13,32,98,6.05,101.9,148,95.9,60,72.2,256,25,3.1,-6.9
2019,750,UCF,9,32,70,10.2,103,122,92.8,29,70.9,322,36,6.31,-5.9
2019,749,Utah St.,8,64,168,-0.1,101.4,158,101.5,175,74.8,64,130,15.51,-6.7
2019,748,VCU,8,64,126,3.29,102.2,140,99,119,75.1,50,84,11.6,-6.7
2019,747,Vermont,13,64,125,3.29,103.6,112,100.4,146,70.4,335,49,5.57,-4.9
2019,746,Villanova,6,32,5,24.83,116.3,3,91.5,16,73,197,-25,-7.49,-9.4
2019,745,Virginia,1,1,2,25.6,112.5,11,86.9,1,66.5,353,1,8.62,-7.1
2019,744,Virginia Tech,4,16,31,16.19,112.1,14,95.9,61,73.5,154,18,7.89,-9.9
2019,743,Washington,9,32,45,13.04,108.1,46,95.1,50,74.4,89,-3,1.24,-8.4
2019,742,Wisconsin,5,64,19,19.09,111.5,18,92.5,27,69.1,349,3,2.85,-5.2
2019,741,Wofford,7,32,121,3.79,105.9,79,102.1,191,71.3,308,103,16.89,-5.6
2019,740,Yale,14,64,117,4.4,103.8,107,99.4,130,73.2,175,40,4.39,-2.3
2018,739,Alabama,9,32,23,18.89,109.1,46,90.2,11,71,311,-34,-5.47,-2.3
2018,738,Arizona,4,64,3,25.8,116,3,90.2,10,72.2,258,-25,-8.1,-5
2018,737,Arizona St.,11,68,100,5.17,106.7,62,101.5,168,74.7,68,51,8.96,-3.4
2018,736,Arkansas,7,64,56,13.15,109.4,42,96.3,68,75.1,48,12,1.54,-5.4
2018,735,Auburn,4,32,46,14.18,109.6,39,95.5,59,77,10,23,4.51,-4.5
2018,734,Bucknell,14,64,75,8.29,106.6,65,98.3,102,74.9,58,-22,-0.98,-3.5
2018,733,Buffalo,13,32,151,0.94,101.1,153,100.1,144,75.8,28,84,10.59,-3.1
2018,732,Butler,10,32,42,14.89,109.3,43,94.5,44,71.8,279,22,4.17,-4.2
2018,731,Cal St. Fullerton,15,64,270,-8.41,95,292,103.4,234,73.9,122,108,9.02,-4.2
2018,730,Cincinnati,2,32,11,22.1,111.7,18,89.6,7,69.8,337,7,4.51,-5.4
2018,729,Clemson,5,16,47,13.97,108.9,49,94.9,51,71.2,301,33,7.68,-5.1
2018,728,College of Charleston,13,64,74,8.66,105.1,82,96.4,69,70.4,326,-41,-3.5,-5.5
2018,727,Creighton,8,64,45,14.43,110.2,35,95.8,63,74.9,57,15,2.48,-4.1
2018,726,Davidson,12,64,86,6.67,104.8,90,98.1,101,73.8,132,43,8.03,-9.3
2018,725,Duke,2,8,6,23.45,116.9,1,93.4,35,73.5,156,3,5.41,-3.8
2018,724,Florida,6,32,8,22.97,111.4,20,88.4,2,74.5,78,-14,-4.01,-7.4
2018,723,Florida St.,9,8,55,13.26,108.2,55,95,53,75.4,41,28,4.51,-4.1
2018,722,Georgia St.,15,64,136,2.02,100.9,157,98.9,113,72.9,210,35,4.9,-6.1
2018,721,Gonzaga,4,16,20,19.01,110.3,34,91.3,18,74.2,98,10,4.03,-4.8
2018,720,Houston,6,32,64,11.49,109.4,41,97.9,93,71.7,289,46,8.74,-3.3
2018,719,Iona,15,64,134,2.11,103.9,110,101.8,178,75.8,31,-3,0.53,-5.1
2018,718,Kansas,1,4,5,24.36,114.3,6,90,9,74.8,63,-4,-0.87,-6
2018,717,Kansas St.,9,8,39,15.81,108.5,53,92.7,30,71.7,285,-3,-1.04,-6.1
2018,716,Kentucky,5,16,2,26.78,115.4,4,88.6,3,75.2,46,-15,-6.34,-6.4
2018,715,Lipscomb,15,64,142,1.67,104.3,95,102.7,209,77.6,7,-25,-1.25,-2.6
2018,714,LIU Brooklyn,16,68,291,-10.07,95.3,287,105.3,281,75.8,27,32,1.8,-4.2
2018,713,Loyola Chicago,11,4,93,5.82,103.8,111,98,97,71.2,302,62,10.57,-5.7
2018,712,Marshall,13,32,191,-2.34,102.8,130,105.1,275,80.2,2,86,8.87,-5.5
2018,711,Miami FL,6,64,27,18.43,110.4,33,91.9,23,69.6,342,-10,-3.01,-2.5
2018,710,Michigan,3,2,32,16.92,112,17,95.1,55,69.8,338,25,7.28,-4.9
2018,709,Michigan St.,3,32,10,22.67,113.7,9,91,15,72.2,256,4,2.74,-5.1
2018,708,Missouri,8,64,81,7.29,104,108,96.7,73,71.9,276,41,7.54,-6.2
2018,707,Montana,14,64,153,0.73,102.9,128,102.2,193,72,269,81,9.68,-4
2018,706,Murray St.,12,64,156,0.43,104.3,94,103.9,248,72.8,218,94,11.76,-5.6
2018,705,Nevada,7,16,73,8.89,105.6,78,96.7,71,74.7,66,48,9.5,-5.3
2018,704,New Mexico St.,12,64,112,4.36,103.4,118,99,118,71,309,52,8.55,-2.6
2018,703,North Carolina,2,32,13,21.27,113.5,10,92.2,27,75.9,25,5,2.32,-4.7
2018,702,North Carolina Central,16,68,287,-9.69,94.7,297,104.4,263,71.8,278,-29,-3.73,-6.9
2018,701,North Carolina St.,9,64,109,4.43,104.9,89,100.5,149,75.1,50,63,10.09,-3.7
2018,700,Ohio St.,5,32,78,7.85,105.1,84,97.2,81,73,202,62,13.31,-6
2018,699,Oklahoma,10,64,21,18.94,109.3,44,90.4,12,74.8,61,-27,-4.78,0.7
2018,698,Penn,16,64,144,1.64,101.2,152,99.5,130,72.2,257,19,2.05,-3.3
2018,697,Providence,10,64,25,18.64,110.7,30,92,24,72.2,252,-38,-6.46,-5.1
2018,696,Purdue,2,16,17,19.74,112.5,13,92.8,32,73.8,124,12,6.53,-6.7
2018,695,Radford,16,64,196,-2.65,99,210,101.6,172,71.1,307,26,2.71,-8
2018,694,Rhode Island,7,32,62,11.73,106.5,66,94.8,48,71.8,277,10,2.2,-3.5
2018,693,San Diego St.,11,64,71,9.5,104.2,101,94.7,47,72.3,250,21,4.59,-3.4
2018,692,Seton Hall,8,32,28,18.2,110.9,27,92.7,31,73.1,197,2,-0.16,-3.6
2018,691,South Dakota St.,12,64,122,3.11,106,72,102.9,219,72.7,229,44,7.09,-2.1
2018,690,St. Bonaventure,11,64,77,7.99,106.4,67,98.4,105,73.8,131,9,3.22,-4.3
2018,689,Stephen F. Austin,14,64,150,0.97,99.9,188,98.9,115,72,268,38,4.61,-0.9
2018,688,Syracuse,11,16,68,10.53,107.8,58,97.2,82,71.9,274,27,4.29,-9
2018,687,TCU,6,64,14,21.09,112.1,15,91,14,71.7,284,-10,-2.62,-3.1
2018,686,Tennessee,3,32,43,14.64,108.6,52,93.9,37,74.1,107,30,7.63,-8.1
2018,685,Texas,10,64,37,16.21,107.8,57,91.5,20,73.1,195,1,-0.78,-7.9
2018,684,Texas A&M,7,16,15,20.84,110.7,29,89.9,8,70.8,319,-14,-3.89,-1.3
2018,683,Texas Southern,16,64,266,-7.79,98.2,232,106,291,73.4,162,23,1.14,-1.7
2018,682,Texas Tech,3,8,33,16.76,109.7,37,93,33,70,335,22,5.83,-3.2
2018,681,UCLA,11,68,29,18.05,113,11,95,54,76.1,22,-27,-4.53,-5.7
2018,680,UMBC,16,32,207,-3.48,100.8,159,104.3,255,75.4,40,41,3.98,-7
2018,679,UNC Greensboro,13,64,161,0.06,101.3,150,101.2,161,73.3,178,79,9.16,-8
2018,678,Villanova,1,1,1,27.48,116.8,2,89.3,6,71.1,306,0,6.27,-2.3
2018,677,Virginia,1,64,9,22.9,109.7,38,86.8,1,66.8,351,7,6.63,-7.4
2018,676,Virginia Tech,8,64,53,13.47,110.6,32,97.2,79,73.3,166,20,2.56,-4.6
2018,675,West Virginia,5,16,7,23.01,112,16,89,4,74.6,74,-5,-0.57,-5.4
2018,674,Wichita St.,4,64,4,25.48,114.7,5,89.3,5,72.7,221,-17,-6.45,-4.2
2018,673,Wright St.,14,64,201,-3.07,98.8,218,101.9,183,73.7,140,68,5.96,-5.4
2018,672,Xavier,1,32,26,18.44,112.4,14,93.9,38,72.9,208,11,3.07,-2.4
2017,671,Arizona,2,16,10,20.74,111.3,12,90.5,15,71.2,147,-8,2.56,-5.2
2017,670,Arkansas,8,32,53,13.31,106.9,46,93.6,49,73,43,18,2.94,-3.3
2017,669,Baylor,3,16,25,16.87,109.4,24,92.5,33,69.8,273,12,7.36,-6.1
2017,668,Bucknell,13,64,189,-1.47,99.5,179,100.9,197,73,46,113,10.85,-3
2017,667,Butler,4,16,19,17.49,108.9,29,91.4,23,70.6,203,-6,3.27,-4.6
2017,666,Cincinnati,6,32,28,16.57,106.5,50,89.9,13,67.9,342,5,5.62,-4.4
2017,665,Creighton,6,64,32,15.98,109.9,20,93.9,55,72,93,4,2.84,-0.8
2017,664,Dayton,7,64,37,15.1,107.3,43,92.2,32,70.7,186,-2,0.48,-2.3
2017,663,Duke,2,32,1,30,120.8,1,90.8,18,71,164,-13,-5.83,-2.7
2017,662,East Tennessee St.,13,64,182,-1.09,100.7,143,101.8,220,72.1,82,115,12.19,-2
2017,661,Florida,4,8,17,18.53,108,38,89.5,9,72.3,67,12,8.97,-3.3
2017,660,Florida Gulf Coast,14,64,103,4.76,102.8,102,98,113,70.9,171,-5,0.31,-5
2017,659,Florida St.,3,32,40,15.06,108.2,34,93.1,42,72.8,50,14,5.01,-1.6
2017,658,Gonzaga,1,2,22,17.28,110.3,18,93,40,70.4,219,21,14.77,-0.3
2017,657,Iona,14,64,115,3.84,104.5,75,100.7,188,74.2,16,-2,0.36,-3.6
2017,656,Iowa St.,5,32,26,16.74,111.2,13,94.4,60,72.6,58,9,6.71,-4.2
2017,655,Jacksonville St.,15,64,293,-10.41,95.2,277,105.6,298,68.7,321,136,11.04,-5.1
2017,654,Kansas,1,8,3,25.79,113.6,6,87.8,4,71.6,112,-3,1.66,-1.4
2017,653,Kansas St.,11,64,44,14.53,106.6,49,92.1,30,69.6,285,14,2.91,-3.4
2017,652,Kent St.,14,64,210,-3.44,99.5,177,102.9,245,70.2,240,69,5.12,-1.9
2017,651,Kentucky,2,8,4,25.64,114.6,4,89,6,70.3,227,0,2.09,1.7
2017,650,Louisville,2,32,9,22.55,109.6,23,87,2,69.9,270,0,2.97,-1.9
2017,649,Marquette,10,64,47,14.18,107.5,40,93.4,45,72.3,72,15,2.4,-2.2
2017,648,Maryland,6,64,48,14.07,107.4,41,93.3,44,70.5,207,2,0.27,-3.3
2017,647,Miami FL,8,64,24,17.11,109.6,22,92.5,34,68.8,316,-18,-2.08,-5.8
2017,646,Michigan,7,16,31,16.29,110,19,93.8,51,68.6,326,11,6.75,-5.5
2017,645,Michigan St.,9,32,14,19.34,112,10,92.7,35,69.6,284,-26,-3.83,-2.7
2017,644,Middle Tennessee,12,32,121,3.03,100.4,152,97.4,103,70.3,225,78,11.92,-5.7
2017,643,Minnesota,5,64,71,8.61,104.4,76,95.8,77,71.4,130,34,7.39,-1.9
2017,642,Mount St. Mary's,16,64,290,-9.5,92.6,317,102.1,225,71.3,143,81,5.65,-4.5
2017,641,Nevada,12,64,114,4.1,99,193,94.9,65,72.9,48,60,9.21,-3.2
2017,640,New Mexico St.,14,64,140,1.4,98.7,201,97.3,100,70.1,250,56,6.49,-2.2
2017,639,New Orleans,16,68,296,-10.48,95,283,105.5,297,74.3,14,118,9.96,-8.1
2017,638,North Carolina,1,1,5,25.26,115,3,89.7,12,73,45,2,2.96,-1.7
2017,637,North Carolina Central,16,68,288,-9.47,95.2,278,104.6,281,69.3,297,127,9.83,-2.6
2017,636,North Dakota,15,64,146,1.08,100.5,148,99.4,141,73.1,42,-22,-1.04,-1.6
2017,635,Northern Kentucky,15,64,277,-8.69,96,259,104.7,284,70.6,198,139,10.6,-2.6
2017,634,Northwestern,8,32,61,10.37,105.4,63,95,67,67.5,346,23,5.44,-2
2017,633,Notre Dame,5,32,50,13.87,110.4,16,96.5,86,68.2,334,23,5.88,-1.2
2017,632,Oklahoma St.,10,64,60,10.81,104.7,73,93.9,56,70,262,38,11.67,0.4
2017,631,Oregon,3,4,6,24.11,113.7,5,89.6,11,71.6,117,-4,0.91,-4.6
2017,630,Princeton,12,64,36,15.12,109.3,25,94.2,58,70.7,188,-22,-2.51,-7.5
2017,629,Providence,11,68,63,10.27,103.7,86,93.5,47,71.1,151,3,2.15,-4.9
2017,628,Purdue,4,16,15,19.29,110.4,15,91.1,21,70.5,208,-4,3.83,-1.4
2017,627,Rhode Island,11,32,43,14.61,106.3,55,91.7,26,69.1,306,9,1.65,-2.7
2017,626,Saint Mary's,7,32,18,18.23,111.8,11,93.5,48,67,348,3,5.43,-6.8
2017,625,Seton Hall,9,64,38,15.08,106.1,56,91,20,71.8,100,-13,-1.44,-4.3
2017,624,SMU,6,64,49,13.98,107.4,42,93.4,46,69,307,38,10.76,-5.6
2017,623,South Carolina,7,4,62,10.33,104.3,79,94,57,72.1,84,38,10.48,-3.5
2017,622,South Dakota St.,16,64,113,4.14,102.9,100,98.8,133,70.8,174,-72,-5.33,-3.7
2017,621,Texas Southern,16,64,248,-6.28,97.2,241,103.5,252,70.3,236,36,2.24,-1.6
2017,620,Troy,15,64,241,-5.79,97.1,242,102.9,244,70.9,169,104,7.83,-2.8
2017,619,UC Davis,16,64,245,-6.15,95.1,280,101.3,207,69.6,283,27,1.74,-0.8
2017,618,UCLA,3,16,21,17.29,111.1,14,93.8,53,72.3,73,5,6.34,0.3
2017,617,UNC Wilmington,12,64,72,8.58,104.7,72,96.1,81,72.6,59,13,3.88,-2.2
2017,616,USC,11,32,59,11.45,105.8,60,94.3,59,73.3,37,6,2,-4.6
2017,615,Vanderbilt,9,64,64,10.25,105.1,67,94.9,64,70.3,233,31,6.28,-4.5
2017,614,VCU,10,64,33,15.61,106.5,51,90.8,19,71.9,95,-15,-1.54,-3.2
2017,613,Vermont,13,64,105,4.49,103.1,98,98.6,127,70.3,228,42,7.18,-5.8
2017,612,Villanova,1,32,2,28.8,116.3,2,87.5,3,70.2,239,0,1.08,-6.2
2017,611,Virginia,5,32,7,23.79,110.4,17,86.6,1,65.9,351,-5,0.5,-6.7
2017,610,Virginia Tech,9,64,39,15.06,109.7,21,94.6,63,71.7,107,-11,-1.27,-3.3
2017,609,Wake Forest,11,68,76,7.93,104.9,69,96.9,95,73.4,35,40,8.32,-2.7
2017,608,West Virginia,4,16,20,17.33,108.1,36,90.8,17,71.9,99,13,9.83,-1.9
2017,607,Wichita St.,10,32,34,15.25,104.8,70,89.5,10,69.3,298,26,10.89,-1.3
2017,606,Winthrop,13,64,128,2.5,102.4,112,99.9,154,73,44,15,2.02,-1.9
2017,605,Wisconsin,8,16,8,23.34,112.6,8,89.3,7,67.6,344,-13,-0.35,-4.2
2017,604,Xavier,11,8,11,20.39,112.2,9,91.8,28,72.8,54,-20,-3.69,-5.6
2016,603,Arizona,6,64,8,20.07,111.9,13,91.8,7,72.4,128,-11,0.9,-4.1
2016,602,Austin Peay,16,64,280,-7.52,96.6,290,104.1,255,73.8,42,63,2.41,-4.3
2016,601,Baylor,5,64,10,18.94,111.9,12,93,12,70.1,297,-14,0.12,-3.5
2016,600,Buffalo,14,64,136,1.67,102.5,137,100.9,154,73,83,-2,1.28,-0.9
2016,599,Butler,9,32,30,14.29,108.9,33,94.6,34,70.6,268,0,2.98,-2.6
2016,598,Cal St. Bakersfield,15,64,209,-3.06,99.2,222,102.2,200,69.5,316,99,9.32,-1.9
2016,597,California,4,64,47,11.29,107.3,48,96,56,71.8,175,19,7.03,-3.6
2016,596,Chattanooga,12,64,123,2.72,102.7,131,100,125,71.8,169,14,3.77,-5.5
2016,595,Cincinnati,9,64,18,16.88,107.6,45,90.7,3,68.6,340,-14,0.18,-4.7
2016,594,Colorado,8,64,73,8.51,104.5,93,96,53,72.2,141,16,4.39,-3.2
2016,593,Connecticut,9,32,35,13.77,106.3,58,92.5,11,69.9,302,9,4.94,-4
2016,592,Dayton,7,64,67,9.21,105.2,79,96,55,71,238,8,3.41,-3.1
2016,591,Duke,4,16,1,24.41,116.7,1,92.3,9,72.6,107,-16,-2.53,-5
2016,590,Fairleigh Dickinson,16,68,321,-11.79,96.6,289,108.4,336,73.4,59,41,1.16,-1.9
2016,589,Florida Gulf Coast,16,64,238,-5.03,97.2,278,102.3,204,72,153,76,4.95,-5.1
2016,588,Fresno St.,14,64,89,6.17,105,89,98.8,103,71.6,191,-19,0.46,-2.6
2016,587,Gonzaga,11,16,7,20.09,114.3,3,94.2,25,71.9,160,-14,0.73,-4.6
2016,586,Green Bay,14,64,141,1.33,99.2,220,97.9,88,71.9,159,14,2.41,4.2
2016,585,Hampton,16,64,293,-8.73,94.3,319,103.1,225,75.5,12,45,1.33,-4.3
2016,584,Hawaii,13,32,92,5.88,104.7,90,98.8,102,73.3,68,32,6.28,-2.7
2016,583,Holy Cross,16,64,257,-6.03,97.2,277,103.3,233,69.2,327,-28,-5.37,-5.6
2016,582,Indiana,5,16,11,18.39,116,2,97.6,83,73.2,72,0,4.66,-5
2016,581,Iona,13,64,83,7.05,109.1,31,102,193,75.6,11,-21,0.08,-3.7
2016,580,Iowa,7,32,36,13.72,108.8,34,95.1,41,72.2,143,13,6.52,-3.4
2016,579,Iowa St.,4,16,17,16.89,112.3,11,95.4,44,73.3,66,-3,4.06,-2.1
2016,578,Kansas,1,8,3,22.19,113.1,10,90.9,4,73.6,53,0,7.48,-4.6
2016,577,Kentucky,4,32,2,23.46,113.5,7,90,2,70.9,244,-4,1.67,-3.6
2016,576,Little Rock,12,32,220,-3.38,100.2,191,103.6,239,71.7,179,164,16.62,-8.3
2016,575,Maryland,5,16,23,15.3,109.1,32,93.8,18,71.7,182,1,4.95,-4.3
2016,574,Miami FL,3,16,21,15.85,110.3,21,94.5,33,69.7,310,6,6.59,-3.8
2016,573,Michigan,11,64,15,17.17,113.1,9,96,54,68.3,343,-35,-3.02,-2.5
2016,572,Michigan St.,2,64,19,16.67,110.8,18,94.1,23,70.8,255,14,11.3,-4.3
2016,571,Middle Tennessee,15,32,108,3.85,101.4,156,97.5,78,69.7,309,-11,0.92,-2.1
2016,570,North Carolina,1,2,6,20.25,113.9,4,93.6,16,75.7,8,4,9.57,-5.1
2016,569,Northern Iowa,11,32,60,9.48,105.7,68,96.2,60,67.6,346,-7,1.64,-4.7
2016,568,Notre Dame,6,8,14,17.28,113.6,5,96.3,62,70.4,281,-22,-0.68,-5.7
2016,567,Oklahoma,2,4,12,18.31,111.4,16,93.1,13,73.5,56,2,5.47,-3.7
2016,566,Oregon,1,8,25,14.97,109.8,23,94.8,37,73.4,63,13,7.7,-5.3
2016,565,Oregon St.,7,64,42,12.08,105.6,69,93.6,15,68.9,330,-22,-0.42,-1.8
2016,564,Pittsburgh,10,64,29,14.4,110.5,19,96.1,59,68.9,332,-8,2.19,-3.5
2016,563,Providence,9,32,59,9.5,107.1,50,97.6,79,72.1,147,15,4.99,-3.7
2016,562,Purdue,5,64,22,15.66,109.7,24,94.1,22,72,157,13,8.2,-4.1
2016,561,Saint Joseph's,8,32,74,8.22,104.2,95,96,57,71,237,31,7.15,-0.8
2016,560,Seton Hall,6,64,82,7.31,105.6,70,98.3,94,72.5,121,53,10.96,-2.7
2016,559,South Dakota St.,12,64,100,4.99,105.1,83,100.1,130,72.7,102,20,4.58,-4.4
2016,558,Southern,16,68,285,-8.09,94,322,102.1,195,71.8,165,56,2.34,-2.9
2016,557,Stephen F. Austin,14,32,62,9.41,108.7,36,99.3,108,72.1,149,21,6.21,-4.7
2016,556,Stony Brook,13,64,86,6.44,103.9,101,97.5,77,71.1,233,-8,1.7,-3.9
2016,555,Syracuse,10,4,33,13.93,108.1,41,94.2,26,72,155,6,4.63,-7
2016,554,Temple,10,64,76,7.97,103.5,115,95.5,46,72.5,122,-10,0.86,-6.6
2016,553,Texas,6,64,32,13.94,108.3,38,94.4,29,72.9,86,-7,2.25,-7.6
2016,552,Texas A&M,3,16,39,13.11,107.5,46,94.4,31,70.5,271,21,8.16,-3.3
2016,551,Texas Tech,8,64,93,5.84,103.5,112,97.7,84,69.5,315,39,7.93,-3.5
2016,550,Tulsa,11,68,46,11.72,105.7,66,94,21,71.4,203,-19,-0.22,-3
2016,549,UNC Asheville,15,64,264,-6.47,99,231,105.5,292,74.6,19,133,9.91,-4.5
2016,548,UNC Wilmington,13,64,193,-2.09,98.7,235,100.8,149,73.9,39,110,11.29,-3.6
2016,547,USC,8,64,54,10.07,105.9,62,95.8,52,74.6,22,5,4.18,-3.6
2016,546,Utah,3,32,13,17.38,109.7,25,92.3,10,69.2,328,-20,-0.59,-3.8
2016,545,Vanderbilt,11,68,20,16.37,110.5,20,94.1,24,70.7,263,-5,2.39,-2.8
2016,544,VCU,10,32,53,10.1,105,86,94.9,38,72.4,125,22,6.97,-2.9
2016,543,Villanova,2,1,5,21.86,113.5,6,91.7,6,71.9,161,4,10.15,-5.9
2016,542,Virginia,1,8,4,21.98,111.7,14,89.7,1,66.8,349,0,7.67,-5.5
2016,541,Weber St.,15,64,149,0.55,102.7,132,102.1,197,70.6,266,7,1.9,-3.8
2016,540,West Virginia,3,64,28,14.44,108.7,35,94.3,28,73.4,65,20,10.01,-3.9
2016,539,Wichita St.,11,32,16,17.13,110.8,17,93.6,17,70.4,273,3,5.4,-4.5
2016,538,Wisconsin,7,16,9,19.56,113.4,8,93.8,19,67.3,347,-29,-3.01,-4
2016,537,Xavier,2,32,31,14.25,109.4,28,95.1,43,71.6,190,17,8.27,0.3
2016,536,Yale,12,32,116,2.98,100.9,171,98,89,70.3,287,69,11.36,-4.3
2015,535,Albany,14,64,151,0.85,99.3,148,98.4,165,65.3,316,20,2.44,-4.5
2015,534,Arizona,2,8,5,21.19,109.2,7,88,3,66.1,279,1,11.17,-0.4
2015,533,Arkansas,5,32,44,10.92,104.4,46,93.5,55,72.2,4,15,5.53,-2.9
2015,532,Baylor,3,64,23,14.3,107.5,13,93.2,51,65.6,301,9,7.84,-4.1
2015,531,Belmont,15,64,104,4.31,102.9,69,98.6,169,69.5,44,-38,-2.04,-2.6
2015,530,Boise St.,11,68,63,8.78,105.7,33,96.9,120,66.9,227,16,5.06,-4
2015,529,Buffalo,12,64,141,1.38,100.1,117,98.8,177,68.6,88,83,10.49,-0.2
2015,528,Butler,6,32,71,8.05,100.6,109,92.5,37,66.7,240,51,12.04,-3.5
2015,527,BYU,11,68,41,11.31,105.7,32,94.4,72,71.9,5,13,5.38,-1.4
2015,526,Cincinnati,8,32,49,10.2,101.5,95,91.3,23,65.3,318,6,3.96,-5.5
2015,525,Coastal Carolina,16,64,174,-0.62,96.2,238,96.9,119,67.7,152,34,3,-3.6
2015,524,Davidson,10,64,139,1.69,102,81,100.3,215,68.2,112,103,13.32,-1.5
2015,523,Dayton,11,32,48,10.25,104.6,41,94.3,69,66.7,234,6,3.99,-3.3
2015,522,Duke,1,1,1,25.16,113.8,1,88.6,7,67.6,168,-2,7.33,-1.8
2015,521,Eastern Washington,13,64,200,-2.04,99.6,138,101.6,256,70.6,16,67,5.29,-2.3
2015,520,Georgetown,4,32,22,14.8,106.3,23,91.5,27,66,292,0,4.32,-1.9
2015,519,Georgia,10,64,47,10.27,103.6,57,93.4,53,65.7,300,12,4.82,-1.5
2015,518,Georgia St.,14,32,64,8.66,105.4,34,96.7,115,66.8,229,-4,1.66,-4.4
2015,517,Gonzaga,2,8,18,15.59,106.7,18,91.1,22,67.6,162,11,12.19,-2.9
2015,516,Hampton,16,64,203,-2.42,94.7,278,97.1,128,71.4,7,-48,-4.97,-2.2
2015,515,Harvard,13,64,29,13.46,106.1,29,92.6,39,66.4,265,-46,-4.23,-5.3
2015,514,Indiana,10,64,26,13.89,106.5,21,92.6,40,69.2,59,-22,-0.06,-2.6
2015,513,Iowa,7,32,31,13.15,106.3,25,93.2,49,70.2,23,8,5.88,-6.6
2015,512,Iowa St.,3,64,25,14.12,108,12,93.9,61,70.9,14,9,7.37,-1.2
2015,511,Kansas,2,32,4,21.61,110.1,5,88.5,6,68.7,82,-8,1.11,-1.8
2015,510,Kentucky,1,4,2,24.64,112.4,2,87.7,2,66.9,224,1,12.28,-4.5
2015,509,Lafayette,16,64,212,-2.75,99.4,143,102.1,274,67.5,172,19,0.61,-2.9
2015,508,Louisville,4,8,3,24.19,110.4,3,86.2,1,69,67,-14,-2.99,-4.4
2015,507,LSU,9,64,73,7.88,102.2,75,94.3,70,69.9,31,24,5.88,-0.6
2015,506,Manhattan,16,68,117,3.45,98.3,182,94.9,82,69,74,-45,-3.14,-1.3
2015,505,Maryland,4,32,32,12.91,105.1,37,92.2,34,69.4,46,-1,2.77,-5.6
2015,504,Michigan St.,7,4,12,17.06,106.6,20,89.5,10,66.9,225,-3,4.66,-3.8
2015,503,Mississippi,11,64,90,6.51,102.2,74,95.7,97,70,27,44,7.37,-3.8
2015,502,New Mexico St.,15,64,74,7.77,104.6,42,96.8,117,67.7,147,-24,-1.14,-4.8
2015,501,North Carolina,4,16,21,15.14,106.1,30,90.9,18,71.1,11,11,8.71,-1.9
2015,500,North Carolina St.,8,16,59,9.28,104.3,47,95,88,67.7,149,27,6.65,-3.6
2015,499,North Dakota St.,15,64,146,0.97,98,195,97,124,66.7,235,-6,0.44,-5.9
2015,498,North Florida,16,68,246,-5.03,96.8,225,101.8,265,68.9,78,103,7.29,-1.8
2015,497,Northeastern,14,64,103,4.5,100.8,107,96.3,110,66.5,256,-14,0.61,-3.2
2015,496,Northern Iowa,5,32,70,8.13,103.8,55,95.7,96,66.7,238,52,12.84,-8.5
2015,495,Notre Dame,3,8,68,8.29,104.2,51,95.9,99,65.4,314,59,16.67,-1.9
2015,494,Ohio St.,10,32,15,15.99,105.1,38,89.1,9,67,203,-4,4.76,-1.8
2015,493,Oklahoma,3,16,27,13.78,107,14,93.2,50,70.4,19,16,9.02,-3.7
2015,492,Oklahoma St.,9,64,20,15.14,106.2,26,91.1,20,69.2,58,-18,-0.23,-5.9
2015,491,Oregon,8,32,33,12.77,107,15,94.2,66,69.3,55,-12,1.11,-2.7
2015,490,Providence,6,64,52,10.13,104.4,45,94.3,68,66.6,249,25,6.59,-1.4
2015,489,Purdue,9,64,39,11.47,104.2,49,92.8,41,69.1,61,-5,2.49,-4.8
2015,488,Robert Morris,16,64,177,-0.83,98.5,172,99.4,189,66.9,220,-7,-0.56,-1.5
2015,487,San Diego St.,8,32,30,13.15,103,66,89.8,13,65.9,295,-1,2.8,-5.5
2015,486,SMU,6,64,37,12.29,103.9,53,91.6,30,66.6,241,11,5.22,-3.6
2015,485,St. John's,9,64,40,11.46,102.5,72,91,19,69.1,65,-10,2.24,-2.4
2015,484,Stephen F. Austin,12,64,97,5.62,101,102,95.4,92,64.6,338,46,8.02,0.9
2015,483,Texas,11,64,19,15.15,105.2,35,90,14,68.3,97,-5,3.78,-6.3
2015,482,Texas Southern,15,64,268,-6.62,96.7,230,103.4,302,67.9,130,55,2.78,-4.7
2015,481,UAB,14,32,162,0.12,97.9,198,97.8,147,69,68,27,2.94,-4.3
2015,480,UC Irvine,13,64,118,3.32,97.9,197,94.6,77,66.4,264,27,3.76,-3
2015,479,UCLA,11,16,13,16.79,108.1,11,91.3,25,70,30,-27,-2.14,-4.1
2015,478,Utah,5,16,42,11.14,104,52,92.9,45,66.2,273,34,16.1,-5.7
2015,477,Valparaiso,13,64,160,0.38,98.9,160,98.5,167,66.5,257,96,10.76,-4.2
2015,476,VCU,7,64,17,15.85,106.3,22,90.5,16,70.2,25,-13,0.43,-3.6
2015,475,Villanova,1,32,8,18.73,108.4,10,89.7,12,68.5,93,3,11.92,-4.3
2015,474,Virginia,2,32,9,18.52,106.7,19,88.1,4,63.4,347,3,11.55,-5.4
2015,473,West Virginia,5,16,55,9.99,104.5,43,94.6,76,68.2,101,30,7.65,-0.4
2015,472,Wichita St.,7,16,10,18.41,109,8,90.6,17,66.6,242,-3,3.8,-4.3
2015,471,Wisconsin,1,2,6,20.55,110.2,4,89.7,11,65.1,323,4,13.17,-6.4
2015,470,Wofford,12,64,112,3.61,98.3,186,94.7,79,64.3,341,16,3.11,-3.8
2015,469,Wyoming,12,64,99,5.19,99.9,130,94.7,81,63.6,346,-10,0.49,-4.4
2015,468,Xavier,6,16,69,8.25,102.9,67,94.6,78,66.9,221,48,11.24,-1.9
2014,467,Albany,16,64,198,-2.2,99.4,211,101.6,183,64.7,282,17,1.16,-3.1
2014,466,American,15,64,289,-9.8,94.5,303,104.3,262,62.6,344,169,14.37,-2.9
2014,465,Arizona,1,8,22,17,110.9,17,93.9,25,66.8,156,20,13.11,-4
2014,464,Arizona St.,10,64,53,11.4,108.3,42,96.9,73,66.1,206,14,3.42,1.3
2014,463,Baylor,6,16,28,15.5,110.5,22,95,36,67.6,103,2,3.89,-6.3
2014,462,BYU,10,64,46,12,108.4,40,96.4,63,70.9,7,-3,1.77,-0.1
2014,461,Cal Poly,16,64,152,0.8,102.8,129,102,197,61.8,348,-24,-1.62,-3
2014,460,Cincinnati,5,64,45,12,105.4,74,93.4,19,65.3,266,18,7.24,-4.2
2014,459,Coastal Carolina,16,64,263,-7.1,95.1,292,102.2,204,65.8,224,42,2.12,-0.2
2014,458,Colorado,8,64,40,12.9,108.1,44,95.2,43,65.9,218,-27,-1.7,-1.1
2014,457,Connecticut,7,1,11,19.7,112.1,13,92.4,13,66,214,-4,2.43,-2.8
2014,456,Creighton,3,32,12,19,114.9,4,95.9,54,66,211,-5,2.72,-2.4
2014,455,Dayton,11,8,67,9.1,107.1,57,98,98,66.5,186,25,5.15,-2.7
2014,454,Delaware,13,64,131,2.4,104.5,93,102.1,202,67.7,97,25,3.43,2.7
2014,453,Duke,3,64,6,22.5,114.9,3,92.4,12,67.8,92,-2,1.75,-3.2
2014,452,Eastern Kentucky,15,64,149,0.9,104.3,96,103.4,235,65.7,230,24,3.06,-1.5
2014,451,Florida,1,4,3,23.9,113.8,5,89.9,3,64.5,296,0,4.67,-3.2
2014,450,George Washington,9,64,121,3.7,101.1,168,97.4,84,67.4,114,74,10.12,-2.1
2014,449,Gonzaga,8,32,17,17.6,112.1,11,94.5,33,65.6,234,-7,2.54,-0.6
2014,448,Harvard,12,32,51,11.5,108.5,39,97,74,64.9,279,19,6.08,-0.8
2014,447,Iowa,11,68,14,18.3,111.6,16,93.3,18,67.8,91,-8,2.14,0.8
2014,446,Iowa St.,3,16,38,13.3,110.2,27,96.9,72,68.8,42,18,7.77,1.4
2014,445,Kansas,2,32,8,21.5,112.6,9,91.1,8,67.8,89,1,3.1,-1.2
2014,444,Kansas St.,9,64,43,12.5,107.6,49,95.1,42,64.7,287,-2,1.6,-1.4
2014,443,Kentucky,8,2,4,23.5,118.1,1,94.6,34,67.1,141,-9,-0.95,-3.1
2014,442,Louisiana Lafayette,14,64,151,0.8,101.3,163,100.5,147,69.6,20,38,4.39,-1.1
2014,441,Louisville,4,16,1,28.8,116.7,2,87.9,1,67.2,127,0,1.61,0
2014,440,Manhattan,13,64,102,5.7,101.2,166,95.5,47,64.4,299,28,4.51,3.3
2014,439,Massachusetts,6,64,60,9.7,106.5,62,96.8,70,70.7,9,10,3.76,-0.4
2014,438,Memphis,8,32,15,18,110.5,21,92.5,15,69,33,-21,-2.78,-1.5
2014,437,Mercer,14,32,136,1.8,102,151,100.2,141,64.3,303,49,6.54,-0.7
2014,436,Michigan,2,8,13,18.6,112.5,10,93.9,27,65.3,261,1,4.84,-4.3
2014,435,Michigan St.,4,8,2,24.1,113.3,7,89.2,2,65.3,257,-7,-0.18,-0.9
2014,434,Milwaukee,15,64,265,-7.5,96.6,269,104.1,256,66.6,173,97,7.58,-0.8
2014,433,Mount St. Mary's,16,68,195,-2,100.2,196,102.2,205,67.1,142,-14,-1.96,1.1
2014,432,Nebraska,11,64,123,3.2,100.7,185,97.5,88,63.6,322,67,9.44,1.1
2014,431,New Mexico,7,64,19,17.3,109.8,29,92.5,14,65.9,219,-14,-0.15,-1.5
2014,430,New Mexico St.,13,64,88,6.6,104.4,94,97.8,92,66.6,172,16,3.94,-1.4
2014,429,North Carolina,6,32,9,20.1,113.8,6,93.7,22,70.3,12,-20,-1.66,-1.1
2014,428,North Carolina Central,14,64,241,-5.3,95.8,281,101.1,165,65.5,243,149,13.28,-3.2
2014,427,North Carolina St.,12,64,55,9.96,107,47,97,74,66.7,156,-7,1.64,-2
2014,426,North Dakota St.,12,32,72,8.7,105.1,77,96.4,64,63.7,320,11,3.06,-1.4
2014,425,Ohio St.,6,64,7,21.9,112.1,12,90.2,4,66.3,196,-12,-0.6,-2.3
2014,424,Oklahoma,5,64,78,7.8,105.1,78,97.3,80,67.2,132,48,10.1,2.4
2014,423,Oklahoma St.,9,64,5,22.6,113.2,8,90.6,7,67.6,101,-16,-1.62,-0.4
2014,422,Oregon,7,32,56,10.5,106.5,61,96,55,68.6,48,28,8.52,-1.1
2014,421,Pittsburgh,9,32,20,17.3,110.5,20,93.2,17,62.9,336,4,4.59,-0.7
2014,420,Providence,11,64,41,12.9,109.1,33,96.2,58,66.8,159,-7,0.91,-3.9
2014,419,Saint Joseph's,10,64,74,8.6,106.1,68,97.5,89,64.7,285,19,4.33,-0.4
2014,418,Saint Louis,5,32,32,14.7,107.3,53,92.6,16,65.5,242,-3,1.02,0.1
2014,417,San Diego St.,4,16,66,9.1,103.9,105,94.8,35,67.1,137,43,11.28,-4.8
2014,416,Stanford,10,16,29,15.3,110.3,25,95,37,68.2,67,-5,0.76,-2.9
2014,415,Stephen F. Austin,12,32,157,0.5,97.4,256,96.9,71,62.4,346,87,10.33,-1.2
2014,414,Syracuse,3,32,10,19.8,110.3,24,90.5,6,65.4,250,-8,1.82,-5.8
2014,413,Tennessee,11,16,35,13.7,108,45,94.3,32,65.1,273,25,9.99,-3.5
2014,412,Texas,7,32,81,7.2,103.1,118,95.9,53,66.5,187,40,7.32,0.3
2014,411,Texas Southern,16,68,215,-3.1,99.2,225,102.3,209,65.5,240,-44,-4.39,0.2
2014,410,Tulsa,13,64,110,5,103.5,112,98.5,112,67.5,111,28,3.93,-0.7
2014,409,UCLA,4,16,27,15.5,109,34,93.5,21,68.7,47,13,7.03,-0.3
2014,408,VCU,5,64,18,17.5,111.8,15,94.3,30,67.9,79,-7,2.3,1
2014,407,Villanova,2,32,26,15.7,109.4,32,93.7,23,68,77,15,7.98,-2
2014,406,Virginia,1,16,21,17.1,108.6,38,91.5,9,62.8,339,17,9.36,-3.3
2014,405,Weber St.,16,64,89,6.6,105.9,70,99.3,123,66.1,207,-83,-7.22,-3.2
2014,404,Western Michigan,14,64,153,0.6,101.1,171,100.5,146,66.6,171,22,2.76,-1.4
2014,403,Wichita St.,1,32,39,13,109,35,96,56,66.2,204,33,12.36,-2.7
2014,402,Wisconsin,2,4,23,16.8,108.4,41,91.6,10,62.9,337,18,9.09,-0.5
2014,401,Wofford,15,64,177,-0.5,97.2,258,97.7,91,64.6,293,-15,-1.44,-4.1
2014,400,Xavier,12,68,57,10.2,106.6,59,96.4,62,65.2,269,5,2.91,-1
2013,399,Akron,12,64,75,9.22,106.4,73,97.2,94,67.4,106,13,2.3,-2.2
2013,398,Albany,15,64,246,-6.69,98.5,210,105.2,275,65.7,193,96,8.05,-4
2013,397,Arizona,6,16,24,17.86,111.1,20,93.3,31,65.5,198,10,4.02,-0.1
2013,396,Belmont,11,64,32,16.57,111.2,19,94.7,48,68.1,83,-11,-1.65,-2.2
2013,395,Boise St.,13,68,86,8.31,106.4,74,98.1,112,65.2,210,32,5.23,-0.4
2013,394,Bucknell,11,64,59,11.42,107.2,57,95.7,58,64.8,243,1,1.3,-2.9
2013,393,Butler,6,32,65,10.04,104.3,107,94.3,44,65.1,215,23,5.38,-1.5
2013,392,California,12,32,40,15.06,108.8,41,93.8,38,67,120,-16,-1.96,-2.1
2013,391,Cincinnati,10,64,29,16.75,109,39,92.2,19,64,275,-11,-1.18,-1.1
2013,390,Colorado,10,64,57,11.83,107.2,56,95.3,55,65.7,191,12,2.79,-2.1
2013,389,Colorado St.,8,32,91,8.03,106.8,67,98.8,122,64.5,254,69,11.09,-0.8
2013,388,Creighton,7,32,26,17.33,113.8,9,96.5,73,66.6,142,11,4.42,-2.8
2013,387,Davidson,14,64,44,14.28,110.6,25,96.3,72,68.1,82,-22,-2.91,-4.2
2013,386,Duke,2,8,7,22.51,115,3,92.5,21,67.6,96,1,4.47,-1
2013,385,Florida,3,8,10,21.58,114.7,4,93.1,30,64.8,238,8,9.6,-3
2013,384,Florida Gulf Coast,15,16,124,4.28,104.5,104,100.2,161,67.5,101,19,1.99,0.3
2013,383,Georgetown,2,64,34,16.17,108.1,48,92,17,63,302,18,5.07,-1.8
2013,382,Gonzaga,1,32,13,20.9,113,13,92.1,18,65.5,202,8,6.91,-2.2
2013,381,Harvard,14,32,94,7.89,105.1,95,97.2,95,61.4,328,1,-0.82,1.9
2013,380,Illinois,7,32,56,11.9,105.3,92,93.4,33,65.4,206,17,3.92,-0.8
2013,379,Indiana,1,16,2,27.41,119,1,91.6,15,67.3,108,-1,1.9,-1.3
2013,378,Iona,15,64,108,6.12,106.8,66,100.7,170,70.7,20,19,1.33,-1
2013,377,Iowa St.,10,32,62,10.82,106.7,68,95.9,61,67.2,112,32,6.81,1.2
2013,376,James Madison,16,64,184,-1.35,101,163,102.3,213,66.3,156,2,0.43,-3.4
2013,375,Kansas,1,16,12,21.3,110.6,26,89.3,4,67,123,4,3.93,-0.6
2013,374,Kansas St.,4,64,19,18.94,110.7,23,91.7,16,67.1,114,-8,-0.78,-5.7
2013,373,La Salle,13,16,68,9.92,106.8,65,96.9,84,68.7,55,18,3.96,-4.1
2013,372,Liberty,16,68,270,-8.83,96.2,260,105,270,65,226,4,-0.55,-0.5
2013,371,LIU Brooklyn,16,68,130,3.69,106.2,75,102.5,218,74.2,2,-62,-5.82,-7
2013,370,Louisville,1,1,9,21.58,109.9,34,88.4,2,66.9,125,8,11.34,-1.1
2013,369,Marquette,3,8,33,16.32,108.8,41,92.5,20,71.4,16,7,2.01,-8.1
2013,368,Memphis,6,32,17,19.57,110.6,27,91,13,68.3,71,-20,-3.24,0
2013,367,Miami FL,2,16,38,15.17,110.5,29,95.3,54,64.5,255,25,7.2,-2.6
2013,366,Michigan,4,2,11,21.44,114.5,6,93,25,61.1,331,7,6.43,2.9
2013,365,Michigan St.,3,16,4,25.07,113.8,8,88.7,3,65.1,219,-6,-0.9,-2
2013,364,Middle Tennessee,11,68,89,8.19,104.1,109,95.9,62,66.8,132,45,6.57,-3.3
2013,363,Minnesota,11,32,27,16.98,110.1,33,93.1,29,64.5,256,7,2.88,-2.2
2013,362,Mississippi,12,32,71,9.57,106.1,78,96.5,75,65.9,178,37,7.38,3.3
2013,361,Missouri,9,64,25,17.44,113.7,10,96.3,70,66.2,163,0,1.09,0.1
2013,360,Montana,13,64,104,6.31,103.2,124,96.9,83,65.5,199,-41,-4.17,-2.8
2013,359,New Mexico,3,64,21,18.38,111.1,21,92.7,23,66.3,154,-2,0.64,-2.6
2013,358,New Mexico St.,13,64,125,4.25,102.3,140,98,108,70.4,22,37,3.43,-6.6
2013,357,North Carolina,8,32,15,20.11,110.5,28,90.4,9,72.2,10,-17,-2.96,-2.6
2013,356,North Carolina A&T,16,64,310,-14.08,92.3,312,106.4,297,69,46,83,8.78,-3.6
2013,355,North Carolina St.,8,64,23,18.09,112.6,14,94.5,46,67.9,87,-10,-1.1,-1.2
2013,354,Northwestern St.,14,64,257,-7.63,96.5,256,104.2,259,70.2,25,119,10.45,1.7
2013,353,Notre Dame,7,64,16,20.01,113.6,11,93.6,36,61.2,330,-20,-3.36,-0.9
2013,352,Ohio St.,2,8,3,26.67,114.6,5,87.9,1,68.2,72,-4,-1.25,-4.6
2013,351,Oklahoma,10,64,81,8.49,106,80,97.5,99,67.4,107,30,5.32,-2.2
2013,350,Oklahoma St.,5,64,43,14.34,108.2,47,93.8,39,66.4,150,19,4.35,-0.3
2013,349,Oregon,12,16,90,8.1,107.1,60,99,127,68,85,55,8.69,-0.1
2013,348,Pacific,15,64,192,-1.9,100.8,169,102.7,224,62.4,320,64,5.86,-0.2
2013,347,Pittsburgh,8,64,22,18.34,112.5,15,94.2,42,63.1,299,11,5.75,-3.8
2013,346,Saint Louis,4,32,30,16.65,107.4,53,90.8,11,62.7,308,11,3.36,1
2013,345,Saint Mary's,11,64,48,13.58,110.2,31,96.6,79,64.3,264,27,5.75,-1.4
2013,344,San Diego St.,7,32,28,16.85,109.9,35,93,26,66.7,140,-3,0.58,-1.2
2013,343,South Dakota St.,13,64,46,13.62,111.9,18,98.3,114,65.4,204,-50,-6.84,-2.9
2013,342,Southern,16,64,331,-18.11,90.3,327,108.4,323,64.3,263,169,18.62,-0.9
2013,341,Syracuse,4,4,8,22.43,113,12,90.6,10,65.2,211,-1,2.39,-2.1
2013,340,Temple,9,32,61,11.16,107.1,58,96,65,66.8,130,2,1.51,-1.2
2013,339,UCLA,6,64,6,22.61,112.5,16,89.9,6,66,176,-40,-8.08,2.2
2013,338,UNLV,5,64,18,18.99,110.3,30,91.4,14,70,29,-20,-2.92,-2.1
2013,337,Valparaiso,14,64,131,3.64,103.1,125,99.5,140,64.4,261,66,7.78,-0.1
2013,336,VCU,5,32,31,16.57,109.2,37,92.7,22,66.2,161,13,3.72,0.1
2013,335,Villanova,9,64,64,10.04,106,79,96,65,68.3,70,11,3.53,-1.9
2013,334,Western Kentucky,16,64,180,-0.95,99,201,99.9,152,69,47,7,0.53,-4.4
2013,333,Wichita St.,9,4,47,13.6,107.7,52,94.1,41,66.8,128,30,6.71,-3
2013,332,Wisconsin,5,64,5,23.22,114,7,90.8,12,58.5,347,-7,-0.65,1.9
2012,331,Alabama,9,64,36,15.99,108,59,92,12,64.9,257,9,0.7,-3
2012,330,Baylor,3,8,16,18.42,111.5,28,93.1,20,66.3,185,3,2.87,-0.7
2012,329,Belmont,14,64,27,16.99,110.9,31,93.9,30,69.1,57,2,-0.03,-1.9
2012,328,BYU,14,64,37,15.98,110.4,34,94.5,32,71.3,20,-13,-3.18,1.3
2012,327,California,12,68,32,16.41,113.2,16,96.8,71,68.8,64,3,-0.04,-3.1
2012,326,Cincinnati,6,16,34,16.24,110.2,36,93.9,29,63.8,298,3,-0.21,-0.9
2012,325,Colorado,11,32,117,4.48,107,68,102.6,196,67.9,104,36,4.41,-2.8
2012,324,Colorado St.,11,64,137,2.49,102,157,99.5,131,67.2,145,49,5.68,-3.6
2012,323,Connecticut,9,64,6,23.86,113.1,19,89.2,5,65.4,240,-32,-9.33,-2.4
2012,322,Creighton,8,32,82,8.29,109.6,45,101.3,167,64.9,255,54,8.19,1
2012,321,Davidson,13,64,92,6.83,106.3,84,99.5,129,68.5,70,21,3.82,-1.1
2012,320,Detroit,15,64,71,9.33,106.6,74,97.2,78,71.1,24,-44,-3.85,-3.9
2012,319,Duke,2,64,4,26.01,115.2,8,89.2,4,69.3,51,-15,-6.31,-2.9
2012,318,Florida,7,8,12,20.58,115.2,10,94.6,36,64.1,290,2,1.88,0.2
2012,317,Florida St.,3,32,38,15.96,104.2,107,88.3,1,68.4,77,14,1.18,-1.8
2012,316,Georgetown,3,32,48,13.05,108.9,49,95.8,58,64.9,259,33,8,-2.8
2012,315,Gonzaga,7,32,17,18.39,111.8,23,93.4,24,67.4,127,-4,,-2.6
2012,314,Harvard,12,64,50,12.54,111.2,30,98.7,107,64.3,282,9,1.8,-3.6
2012,313,Indiana,4,16,49,12.64,110.1,39,97.4,84,66.2,195,40,9.91,0.5
2012,312,Iona,14,68,52,12.21,110.1,37,97.9,92,69.3,48,-2,0.05,0.7
2012,311,Iowa St.,8,32,123,3.87,102.5,150,98.6,103,70.4,33,97,12.83,-4.6
2012,310,Kansas,2,2,11,20.68,113.4,14,92.7,18,69.2,52,7,6.23,-3
2012,309,Kansas St.,8,32,42,14.87,108.2,56,93.3,21,68,100,19,2.65,-1.4
2012,308,Kentucky,1,1,1,31.14,119.7,2,88.5,2,65.9,210,0,1.44,-0.6
2012,307,Lamar,16,68,215,-3.81,100,201,103.8,224,74.5,4,107,10.14,-8.5
2012,306,Lehigh,15,32,153,1.53,103.8,115,102.3,191,71.4,19,74,7.76,-3.7
2012,305,LIU Brooklyn,16,64,127,3.57,106.8,73,103.2,206,74.6,3,-35,-2.82,-1.2
2012,304,Long Beach St.,12,64,75,8.74,106.1,88,97.3,82,69.9,40,39,6.53,-3.5
2012,303,Louisville,4,4,10,21.26,111.6,25,90.4,6,67.9,103,-7,-0.59,-1.8
2012,302,Loyola MD,15,64,148,1.89,103.6,123,101.7,175,66.3,191,19,2.02,-2.7
2012,301,Marquette,3,16,20,17.7,113.2,17,95.5,51,67.4,129,2,2.52,2.7
2012,300,Memphis,8,64,23,17.4,110.2,35,92.8,19,68.7,67,11,4.5,-1.2
2012,299,Michigan,4,64,25,17.17,109.9,40,92.7,17,62.7,323,3,0.35,-2.6
2012,298,Michigan St.,1,16,28,16.98,109.6,44,92.7,16,66.3,189,25,10.89,-2
2012,297,Mississippi Valley St.,16,68,313,-14.47,93.3,308,107.8,306,72.6,10,76,8.17,-3.6
2012,296,Missouri,2,64,13,19.31,112.8,20,93.5,26,72,14,6,5.98,-6.6
2012,295,Montana,13,64,106,5.49,102.7,142,97.2,77,63.7,304,2,1.26,0.5
2012,294,Murray St.,6,32,113,5.27,103.6,122,98.3,97,63.9,294,78,10.06,1.1
2012,293,New Mexico,5,32,26,17.08,112,22,94.9,40,65.9,213,6,2.37,-0.4
2012,292,New Mexico St.,13,64,129,3.32,103.6,124,100.3,142,68,96,64,7.9,1.4
2012,291,Norfolk St.,15,32,276,-9.74,97.1,260,106.8,281,69.7,43,93,7.93,-3.1
2012,290,North Carolina,1,8,3,26.62,115.2,9,88.6,3,71.7,16,-3,-1.18,-0.8
2012,289,North Carolina St.,11,16,64,10.07,107.8,63,97.7,89,67.2,143,21,4.15,-0.2
2012,288,Notre Dame,7,64,29,16.97,115.5,7,98.6,99,64.5,273,-13,-2.75,-4.3
2012,287,Ohio,13,16,109,5.4,106.6,76,101.2,163,68.5,71,52,6.47,-2.4
2012,286,Ohio St.,2,4,2,29.63,121.3,1,91.7,9,65.1,250,0,0.44,1.7
2012,285,Purdue,10,32,21,17.45,108.5,53,91,7,67.1,149,-9,-1.2,-2.7
2012,284,Saint Louis,9,32,67,9.88,102.4,151,92.5,15,65.1,252,53,11.32,-3.2
2012,283,Saint Mary's,7,64,18,17.88,114.5,11,96.6,69,66.1,200,-16,-2.39,-2.8
2012,282,San Diego St.,6,64,55,11.6,106.2,87,94.6,35,63.8,301,-11,-0.44,2.1
2012,281,South Dakota St.,14,64,105,5.53,111.5,27,106,270,68.8,63,44,6.1,-4
2012,280,South Florida,12,32,84,7.63,104.9,99,97.3,79,63.1,316,36,5.5,-4.6
2012,279,Southern Miss,9,64,134,2.85,103.9,114,101,162,65.5,235,66,7.98,-1.6
2012,278,St. Bonaventure,14,64,95,6.27,106.9,72,100.6,148,64.1,287,35,5.51,-1.1
2012,277,Syracuse,1,8,5,24.84,116,6,91.2,8,66.5,177,0,1.2,-2.1
2012,276,Temple,5,64,14,19.02,110.9,32,91.9,10,65,254,-25,-4.53,0.9
2012,275,Texas,11,64,31,16.57,109.9,41,93.3,22,66.9,155,-1,-0.67,-2
2012,274,UNC Asheville,16,64,158,1.23,102,155,100.8,152,68.8,61,44,4.27,-0.6
2012,273,UNLV,6,64,19,17.76,109.7,43,91.9,11,67.8,110,-18,-2.8,1
2012,272,Vanderbilt,5,32,8,22.12,116.5,4,94.4,31,67.3,137,-8,-1.22,-2.5
2012,271,VCU,12,32,66,9.94,108.6,52,98.6,104,66.2,196,20,3.52,-1.2
2012,270,Vermont,16,64,131,3.24,101.3,171,98.1,93,65.4,241,13,1.94,-3.4
2012,269,Virginia,10,64,89,7.13,102.9,137,95.7,56,60.8,337,56,8.72,-1.5
2012,268,West Virginia,10,64,24,17.2,112.2,21,95,42,63.8,299,-20,-3.64,0.2
2012,267,Western Kentucky,16,64,267,-8.95,96.2,275,105.2,253,68.2,89,74,6.28,-0.3
2012,266,Wichita St.,5,64,45,14.39,110.8,33,96.5,66,65.6,231,34,7.97,0.1
2012,265,Wisconsin,4,16,9,22.09,117.6,3,95.5,50,58,344,1,2.01,-0.4
2012,264,Xavier,10,16,15,18.7,113.3,15,94.6,38,65.9,212,-38,-6.11,0.5