YEAR,TEAM NO,TEAM,SEED,ROUND,TR RANK,TR RATING,V 1-25 WINS,V 1-25 LOSS,V 26-50 WINS,V 26-50 LOSS,V 51-100 WINS,V 51-100 LOSS,HI,LO,LAST
2026,1215,Akron,12,0,58,12,0,1,0,0,0,1,35,119,59
2026,1214,Alabama,4,0,13,20.8,2,3,3,0,2,0,2,87,13
2026,1213,Arizona,1,0,5,25.2,2,0,1,1,4,0,4,166,5
2026,1212,Arkansas,4,0,22,17.5,0,4,3,1,2,0,10,60,22
2026,1211,BYU,6,0,60,11.9,0,2,0,1,2,3,14,171,60
2026,1210,Cal Baptist,13,0,121,3.7,0,0,0,0,0,0,8,239,121
2026,1209,Clemson,8,0,25,16.7,0,2,0,1,6,2,24,89,25
2026,1208,Connecticut,2,0,12,20.8,0,2,3,0,5,1,4,124,12
2026,1207,Duke,1,0,1,33.2,1,0,4,1,4,0,1,170,1
2026,1206,Florida,1,0,2,32.2,3,1,3,1,2,0,1,167,2
2026,1205,Furman,15,0,154,1.6,0,0,0,0,0,1,114,244,154
2026,1204,Georgia,8,0,23,17.1,0,3,4,0,2,1,2,119,23
2026,1203,Gonzaga,3,0,9,22.3,0,0,2,1,2,0,3,74,9
2026,1202,Hawaii,13,0,130,3.2,0,0,0,0,0,1,4,170,130
2026,1201,High Point,12,0,104,5.6,0,0,0,0,0,1,63,284,104
2026,1200,Hofstra,13,0,106,5.4,0,0,0,0,2,2,13,239,106
2026,1199,Houston,2,0,7,23.6,0,2,1,1,4,0,1,165,7
2026,1198,Howard,16,0,180,-0.7,0,1,0,0,1,1,169,325,180
2026,1197,Idaho,15,0,182,-0.7,0,0,0,0,0,1,14,218,182
2026,1196,Illinois,3,0,4,25.7,3,1,1,1,2,0,3,143,4
2026,1195,Iowa,9,0,32,15.5,0,5,1,0,2,1,15,141,32
2026,1194,Iowa St.,2,0,11,21.1,1,1,0,2,3,2,1,132,11
2026,1193,Kansas,4,0,38,14.1,1,2,1,1,2,3,13,83,38
2026,1192,Kennesaw St.,14,0,183,-0.7,0,0,0,0,0,1,16,188,183
2026,1191,Kentucky,7,0,31,15.5,2,3,1,3,1,0,6,134,31
2026,1190,Lehigh,16,0,297,-8.3,0,1,0,0,0,1,8,316,297
2026,1189,LIU Brooklyn,16,0,213,-2.3,0,2,0,0,0,2,186,310,214
2026,1188,Louisville,6,0,27,16.3,1,4,0,1,3,2,16,126,28
2026,1187,McNeese St.,12,0,94,6.8,0,1,0,1,1,2,62,258,94
2026,1186,Miami FL,7,0,18,18.7,0,2,3,0,4,0,16,124,18
2026,1185,Miami OH,11,0,84,8.3,0,0,0,0,0,0,40,137,84
2026,1184,Michigan,1,0,3,27.7,4,0,3,0,2,0,3,75,3
2026,1183,Michigan St.,3,0,17,19.5,1,3,1,0,2,1,11,150,17
2026,1182,Missouri,10,0,34,14.6,0,2,2,2,2,2,1,67,35
2026,1181,Nebraska,4,0,8,23,2,1,0,2,4,0,2,152,8
2026,1180,North Carolina,6,0,46,13.2,1,2,1,1,2,3,11,132,46
2026,1179,North Carolina St.,11,0,39,14,1,1,1,2,3,1,12,127,39
2026,1178,North Dakota St.,14,0,136,2.7,0,0,0,0,0,0,15,277,137
2026,1177,Northern Iowa,12,0,74,9.6,0,0,0,1,0,1,50,175,74
2026,1176,Ohio St.,8,0,24,17,0,3,0,2,2,1,20,157,24
2026,1175,Penn,14,0,126,3.4,0,0,0,1,0,2,124,300,125
2026,1174,Prairie View A&M,16,0,303,-9,0,0,0,3,0,2,115,364,303
2026,1173,Purdue,2,0,6,24.7,3,1,1,1,2,1,2,131,6
2026,1172,Queens,15,0,224,-3,0,2,0,2,0,1,180,301,224
2026,1171,Saint Louis,9,0,43,13.6,0,0,0,0,2,0,8,131,42
2026,1170,Saint Mary's,7,0,37,14.4,0,1,0,1,2,0,29,147,37
2026,1169,Santa Clara,10,0,29,16,0,1,0,2,1,0,4,232,29
2026,1168,Siena,16,0,186,-0.9,0,0,0,0,0,1,7,234,185
2026,1167,SMU,11,0,57,12,0,3,0,2,3,3,23,148,57
2026,1166,South Florida,11,0,35,14.5,0,1,0,0,3,1,7,121,34
2026,1165,St. John's,5,0,16,19.8,0,1,2,0,6,0,5,160,16
2026,1164,TCU,9,0,48,13.2,1,0,0,1,3,2,23,271,48
2026,1163,Tennessee,6,0,20,18.1,3,2,0,2,2,1,11,126,20
2026,1162,Tennessee St.,15,0,192,-1.1,0,1,0,0,0,1,97,247,192
2026,1161,Texas,11,0,21,17.7,1,4,2,2,1,0,16,172,21
2026,1160,Texas A&M,10,0,26,16.4,2,4,2,0,2,1,23,282,26
2026,1159,Texas Tech,5,0,10,21.2,2,2,0,0,2,3,8,136,10
2026,1158,Troy,13,0,155,1.4,0,0,1,0,1,1,6,157,155
2026,1157,UCF,10,0,65,11,0,2,1,0,2,3,5,181,66
2026,1156,UCLA,7,0,47,13.2,0,4,1,1,2,1,9,161,47
2026,1155,UMBC,16,0,156,1.4,0,0,0,1,0,2,32,298,156
2026,1154,Utah St.,9,0,36,14.5,0,0,1,2,2,2,17,193,36
2026,1153,Vanderbilt,5,0,15,19.9,1,2,2,2,4,0,4,45,15
2026,1152,VCU,11,0,64,11.1,0,0,0,2,1,0,26,136,64
2026,1151,Villanova,8,0,28,16.2,0,3,1,0,6,0,20,173,27
2026,1150,Virginia,3,0,14,20.5,1,1,3,1,3,0,3,138,14
2026,1149,Wisconsin,5,0,19,18.4,3,2,1,0,1,2,17,298,19
2026,1148,Wright St.,14,0,149,2,0,0,0,0,0,2,50,256,149
2025,1147,Akron,13,64,95,5.6,0,1,0,0,1,1,29,213,95
2025,1146,Alabama,2,8,8,23.1,3,3,4,0,0,0,3,98,8
2025,1145,Alabama St.,16,64,266,-5.7,0,1,0,2,0,3,202,305,266
2025,1144,American,16,68,286,-7,0,0,0,1,0,3,246,343,286
2025,1143,Arizona,4,16,16,18.5,0,3,3,1,2,1,9,135,16
2025,1142,Arkansas,10,16,42,12.8,1,3,1,1,1,1,24,162,42
2025,1141,Auburn,1,4,4,24,2,1,3,1,2,0,4,157,4
2025,1140,Baylor,9,32,41,12.8,0,6,0,2,2,0,13,324,41
2025,1139,Bryant,15,64,144,1.4,0,1,0,0,0,2,10,213,144
2025,1138,BYU,6,16,39,13.4,2,1,0,1,3,2,29,289,39
2025,1137,Clemson,5,64,19,17.4,0,1,1,0,3,1,18,139,19
2025,1136,Colorado St.,12,32,60,9.9,0,0,0,1,2,2,49,251,60
2025,1135,Connecticut,8,32,18,17.5,1,1,2,1,3,1,4,156,18
2025,1134,Creighton,9,32,31,14.2,1,4,0,1,3,1,14,164,28
2025,1133,Drake,11,32,55,10.4,0,0,0,0,1,0,44,164,55
2025,1132,Duke,1,4,1,31.4,2,1,2,0,2,0,1,113,1
2025,1131,Florida,1,1,9,21.9,3,2,1,1,1,0,4,169,9
2025,1130,Georgia,9,64,48,12.1,0,4,1,3,0,0,11,249,48
2025,1129,Gonzaga,8,32,10,21.3,0,1,1,0,1,0,3,103,10
2025,1128,Grand Canyon,13,64,141,2,0,0,0,0,0,0,52,211,141
2025,1127,High Point,13,64,73,8.3,0,0,0,0,0,0,63,175,73
2025,1126,Houston,1,2,3,26.7,2,0,2,0,4,0,1,156,3
2025,1125,Illinois,6,32,13,20.8,1,2,3,1,0,2,2,138,13
2025,1124,Iowa St.,3,32,17,17.9,1,2,0,1,4,1,5,152,17
2025,1123,Kansas,7,64,29,14.6,0,3,1,3,2,1,4,134,30
2025,1122,Kentucky,3,16,25,15.8,3,2,0,3,1,1,25,119,25
2025,1121,Liberty,12,64,46,12.1,0,0,0,0,2,0,11,182,47
2025,1120,Lipscomb,14,64,74,8.1,0,1,0,1,1,1,7,154,75
2025,1119,Louisville,8,64,6,23.5,0,1,1,0,4,0,2,163,6
2025,1118,Marquette,7,64,22,16.6,1,3,1,1,3,2,4,110,22
2025,1117,Maryland,4,16,15,18.6,2,1,1,3,2,0,15,147,15
2025,1116,McNeese St.,12,32,53,10.7,0,1,0,0,0,0,8,176,53
2025,1115,Memphis,5,64,44,12.5,1,0,0,0,2,0,11,107,44
2025,1114,Michigan,5,16,21,16.8,1,2,3,1,3,0,3,125,21
2025,1113,Michigan St.,2,8,5,23.8,3,0,3,1,2,1,2,143,5
2025,1112,Mississippi,6,16,26,15.4,2,4,1,1,1,1,1,163,26
2025,1111,Mississippi St.,8,64,24,15.9,0,3,4,1,1,1,4,128,24
2025,1110,Missouri,6,64,20,17.2,2,2,1,3,0,2,11,75,20
2025,1109,Montana,14,64,206,-2.3,0,1,0,1,0,2,188,326,206
2025,1108,Mount St. Mary's,16,64,209,-2.6,0,1,0,0,0,2,166,339,209
2025,1107,Nebraska Omaha,15,64,179,-0.8,0,1,0,1,0,2,60,301,180
2025,1106,New Mexico,10,32,34,14.1,0,1,0,0,3,2,28,170,34
2025,1105,Norfolk St.,16,64,146,1.1,0,1,0,1,1,0,78,300,146
2025,1104,North Carolina,11,64,32,14.2,0,3,0,1,2,2,1,142,33
2025,1103,Oklahoma,9,64,72,8.4,0,4,2,3,0,0,38,206,71
2025,1102,Oregon,5,32,38,13.5,1,2,1,2,3,0,21,140,38
2025,1101,Purdue,4,16,23,16.3,0,4,2,1,2,1,11,127,23
2025,1100,Robert Morris,15,64,138,2.1,0,0,0,0,1,1,133,341,139
2025,1099,Saint Francis,16,68,311,-9.2,0,2,0,0,0,3,288,353,311
2025,1098,Saint Mary's,7,32,11,21.2,1,0,1,0,0,1,5,165,11
2025,1097,San Diego St.,11,68,63,9.7,0,0,0,1,1,3,18,168,63
2025,1096,SIU Edwardsville,16,64,233,-4,0,1,0,1,0,0,90,319,233
2025,1095,St. John's,2,32,7,23.4,2,0,1,1,3,1,4,159,7
2025,1094,Tennessee,2,8,12,20.9,2,3,2,1,2,1,1,122,12
2025,1093,Texas,11,68,43,12.7,1,1,0,3,2,1,17,178,43
2025,1092,Texas A&M,4,32,30,14.6,1,3,1,1,2,1,4,71,31
2025,1091,Texas Tech,3,8,2,27.3,1,1,3,0,2,1,1,157,2
2025,1090,Troy,14,64,94,5.7,0,1,0,2,1,1,25,147,94
2025,1089,UC San Diego,12,64,33,14.2,0,0,0,0,2,1,9,185,32
2025,1088,UCLA,7,32,37,13.6,0,3,3,0,1,2,10,148,37
2025,1087,UNC Wilmington,14,64,101,4.8,0,0,0,1,0,0,57,215,101
2025,1086,Utah St.,10,64,57,10.4,1,0,0,1,2,3,16,169,56
2025,1085,Vanderbilt,10,64,51,11.4,0,5,1,1,2,1,11,156,51
2025,1084,VCU,11,64,27,15.2,0,0,0,1,2,1,25,161,27
2025,1083,Wisconsin,3,32,14,19.6,1,4,2,1,3,0,12,154,14
2025,1082,Wofford,15,64,128,2.8,0,1,0,0,0,2,86,307,128
2025,1081,Xavier,11,64,36,13.8,1,2,0,2,2,3,30,183,36
2025,1080,Yale,13,64,80,7.2,0,1,0,1,1,0,39,280,80
2024,1079,Akron,14,64,113,4.7,0,0,0,1,0,1,5,114,113
2024,1078,Alabama,4,4,26,12.8,0,4,1,0,3,1,12,133,26
2024,1077,Arizona,2,16,13,18.7,1,0,2,1,1,0,2,43,13
2024,1076,Auburn,4,64,3,20,0,1,1,1,2,2,2,170,3
2024,1075,Baylor,3,32,15,15.6,1,2,0,3,1,0,14,219,15
2024,1074,Boise St.,10,68,29,12.5,0,1,2,0,1,2,27,206,29
2024,1073,BYU,6,64,36,11.7,0,3,1,2,1,0,22,119,36
2024,1072,Clemson,6,8,16,15.6,2,1,1,1,1,2,2,110,16
2024,1071,Colgate,14,64,127,3.1,0,2,0,0,1,0,44,220,127
2024,1070,College of Charleston,13,64,62,9,0,0,0,0,0,2,33,185,62
2024,1069,Colorado,10,32,45,10.4,0,1,1,1,1,2,21,161,45
2024,1068,Colorado St.,10,64,73,8.1,0,0,0,4,0,2,13,121,73
2024,1067,Connecticut,1,1,5,19.9,2,1,3,1,1,1,3,103,5
2024,1066,Creighton,3,16,7,19.7,0,3,2,1,3,0,1,132,7
2024,1065,Dayton,7,32,27,12.6,0,0,1,0,1,4,16,124,27
2024,1064,Drake,10,64,89,6.6,0,0,0,1,1,0,24,178,89
2024,1063,Duke,4,8,10,19.1,1,1,0,0,3,1,3,111,10
2024,1062,Duquesne,11,32,88,6.8,0,0,0,1,2,3,47,167,88
2024,1061,Florida,7,64,53,9.9,1,3,1,1,1,2,34,184,53
2024,1060,Florida Atlantic,8,64,78,7.7,0,0,0,1,1,1,24,241,78
2024,1059,Gonzaga,5,16,2,20,2,0,0,0,1,2,2,168,2
2024,1058,Grambling St.,16,64,281,-6.3,0,1,0,3,0,2,248,359,281
2024,1057,Grand Canyon,12,32,67,8.5,0,0,0,0,0,0,34,139,67
2024,1056,Houston,1,16,8,19.7,3,2,2,1,2,0,1,96,8
2024,1055,Howard,16,68,282,-6.4,0,0,0,0,0,2,17,282,282
2024,1054,Illinois,3,8,4,20,0,2,3,1,2,2,1,133,4
2024,1053,Iowa St.,2,16,14,16,3,2,0,3,1,0,9,97,14
2024,1052,James Madison,12,32,63,8.8,0,0,1,0,0,0,1,100,63
2024,1051,Kansas,4,32,43,10.9,0,4,1,1,1,1,2,138,43
2024,1050,Kentucky,3,64,12,18.9,2,2,0,0,2,1,6,150,12
2024,1049,Long Beach St.,15,64,139,2.1,0,0,0,1,0,2,32,287,139
2024,1048,Longwood,16,64,167,0.5,0,0,0,1,0,1,13,225,167
2024,1047,Marquette,2,16,18,14.5,2,2,2,2,1,1,4,92,19
2024,1046,McNeese St.,12,64,55,9.8,0,0,0,0,1,1,2,269,55
2024,1045,Michigan St.,9,32,31,12.2,0,2,1,1,1,4,5,157,31
2024,1044,Mississippi St.,8,64,56,9.8,0,4,0,1,2,2,32,188,56
2024,1043,Montana St.,16,68,256,-4.8,0,0,0,0,0,1,54,281,255
2024,1042,Morehead St.,14,64,128,3.1,0,1,0,1,0,2,99,320,128
2024,1041,Nebraska,8,64,61,9.3,0,1,1,3,1,4,25,189,61
2024,1040,Nevada,10,64,28,12.6,0,0,2,1,3,1,5,148,28
2024,1039,New Mexico,11,64,59,9.5,0,1,1,3,0,2,19,205,59
2024,1038,North Carolina,1,16,11,19,3,0,0,0,4,0,1,156,11
2024,1037,North Carolina St.,11,4,83,7.4,1,2,0,0,1,3,59,288,83
2024,1036,Northwestern,9,32,52,10,0,2,1,2,2,3,33,170,52
2024,1035,Oakland,14,32,107,5,0,1,0,2,1,1,10,265,107
2024,1034,Oregon,11,32,47,10.3,0,1,1,1,1,1,28,172,47
2024,1033,Purdue,1,2,6,19.8,1,0,3,0,2,3,1,98,6
2024,1032,Saint Mary's,5,64,1,21.4,1,0,0,0,3,0,1,128,1
2024,1031,Saint Peter's,15,64,197,-1.1,0,0,0,0,0,3,25,283,197
2024,1030,Samford,13,64,94,5.9,0,1,0,0,0,1,58,353,94
2024,1029,San Diego St.,5,16,38,11.3,1,0,1,4,1,4,15,66,38
2024,1028,South Carolina,6,64,25,12.8,2,2,1,1,3,0,24,140,25
2024,1027,South Dakota St.,15,64,151,1.4,0,0,0,1,0,0,75,292,151
2024,1026,Stetson,16,64,244,-4.3,0,2,0,1,1,0,79,295,245
2024,1025,TCU,9,64,20,14.2,1,3,1,2,0,0,15,118,20
2024,1024,Tennessee,2,8,9,19.5,2,2,3,0,1,1,1,58,9
2024,1023,Texas,7,32,21,13.5,3,3,1,2,0,0,13,188,21
2024,1022,Texas A&M,9,32,23,13.3,0,2,2,1,4,0,5,71,23
2024,1021,Texas Tech,6,64,22,13.4,1,4,1,1,0,1,15,163,22
2024,1020,UAB,12,64,110,4.8,0,0,0,2,1,1,43,286,110
2024,1019,Utah St.,8,32,57,9.6,0,0,2,1,1,3,36,106,57
2024,1018,Vermont,13,64,98,5.6,0,0,0,0,0,1,72,204,98
2024,1017,Virginia,10,68,131,2.9,1,1,0,1,2,2,42,313,131
2024,1016,Wagner,16,64,283,-6.5,0,0,0,1,0,1,238,309,283
2024,1015,Washington St.,7,32,33,12.1,1,0,1,1,1,0,24,218,33
2024,1014,Western Kentucky,15,64,130,2.9,0,0,0,0,2,0,56,258,130
2024,1013,Wisconsin,5,64,50,10.1,0,2,1,2,2,4,14,104,50
2024,1012,Yale,13,32,75,7.8,0,1,0,2,1,1,29,111,75
2023,1011,Alabama,1,16,4,19.3,2,2,2,0,2,1,2,90,4
2023,1010,Arizona,2,64,27,13.3,0,1,1,0,3,3,12,189,27
2023,1009,Arizona St.,11,64,63,8.6,0,1,1,1,2,2,42,224,63
2023,1008,Arkansas,8,16,45,10.8,1,4,0,1,0,2,15,152,45
2023,1007,Auburn,9,32,25,13.4,0,5,0,1,2,1,9,146,25
2023,1006,Baylor,3,32,30,12.4,1,3,3,2,1,0,5,284,30
2023,1005,Boise St.,10,64,57,9.5,0,0,2,4,0,1,22,177,57
2023,1004,Colgate,15,64,89,6.4,0,1,0,0,0,0,31,110,90
2023,1003,College of Charleston,12,64,65,8.3,0,0,0,0,0,1,41,154,65
2023,1002,Connecticut,4,1,7,17.2,0,5,1,0,2,0,1,135,7
2023,1001,Creighton,6,8,12,15.2,1,5,0,1,1,0,9,160,12
2023,1000,Drake,12,64,83,6.9,0,0,0,0,0,1,70,264,83
2023,999,Duke,5,32,46,10.6,0,1,0,2,1,3,9,243,46
2023,998,Fairleigh Dickinson,16,32,269,-6.4,0,1,0,0,0,0,34,355,269
2023,997,Florida Atlantic,9,4,33,11.7,0,0,0,0,2,2,21,207,33
2023,996,Furman,13,32,60,9.1,0,0,0,1,1,0,46,241,60
2023,995,Gonzaga,3,8,17,14.2,0,2,1,0,1,0,1,138,17
2023,994,Grand Canyon,14,64,113,3.5,0,0,0,0,1,1,55,262,113
2023,993,Houston,1,16,1,23.6,1,0,1,0,6,0,1,98,1
2023,992,Howard,16,64,290,-7.6,0,1,0,0,0,2,262,333,291
2023,991,Illinois,9,64,19,14.1,0,2,0,3,1,2,8,122,19
2023,990,Indiana,4,32,40,11,4,2,0,4,0,1,8,91,40
2023,989,Iona,13,64,96,5.9,0,0,0,1,0,1,57,178,96
2023,988,Iowa,8,64,36,11.4,1,2,2,1,0,3,1,93,36
2023,987,Iowa St.,6,64,31,12.1,0,3,2,4,1,1,28,217,31
2023,986,Kansas,1,32,2,21.5,2,1,3,3,2,0,1,141,2
2023,985,Kansas St.,3,8,44,10.8,1,2,2,3,0,1,17,101,44
2023,984,Kennesaw St.,14,64,119,3.2,0,0,0,2,0,2,27,239,120
2023,983,Kent St.,13,64,82,7,0,2,0,0,0,1,1,126,81
2023,982,Kentucky,6,32,11,15.4,1,1,2,0,3,1,2,206,11
2023,981,Louisiana Lafayette,13,64,163,0.6,0,1,0,0,0,2,45,201,163
2023,980,Marquette,2,32,5,18.7,2,4,1,0,1,0,5,165,5
2023,979,Maryland,8,32,50,10.3,0,2,0,3,0,3,4,132,50
2023,978,Memphis,8,64,21,14,0,2,0,0,5,2,2,51,21
2023,977,Miami FL,5,4,8,16.4,0,1,0,2,4,0,8,163,8
2023,976,Michigan St.,7,16,41,10.9,0,3,0,2,3,0,25,179,41
2023,975,Mississippi St.,11,68,34,11.7,0,3,1,0,1,2,8,144,35
2023,974,Missouri,7,32,51,10.2,1,2,0,2,2,1,26,205,51
2023,973,Montana St.,14,64,110,4,0,0,0,1,0,1,25,170,110
2023,972,Nevada,11,68,79,7.3,0,0,1,3,0,2,12,158,79
2023,971,North Carolina St.,11,64,35,11.7,0,1,0,2,2,2,28,148,34
2023,970,Northern Kentucky,16,64,173,-0.2,0,0,0,1,0,1,152,296,173
2023,969,Northwestern,7,32,13,15,0,2,3,2,2,0,8,135,13
2023,968,Oral Roberts,12,64,73,7.6,0,2,0,2,0,0,23,238,73
2023,967,Penn St.,10,32,56,9.6,2,2,0,2,1,2,13,134,56
2023,966,Pittsburgh,11,32,18,14.1,1,1,1,1,1,2,3,193,18
2023,965,Princeton,15,16,86,6.7,0,0,0,0,0,1,15,225,87
2023,964,Providence,11,64,20,14.1,1,4,0,1,0,1,8,208,20
2023,963,Purdue,1,64,16,14.3,1,1,1,2,2,0,8,160,16
2023,962,Saint Mary's,5,32,15,14.6,0,1,1,0,1,0,5,154,15
2023,961,San Diego St.,5,2,28,12.6,0,0,3,0,1,2,5,111,28
2023,960,Southeast Missouri St.,16,68,270,-6.5,0,0,0,1,1,1,26,323,271
2023,959,TCU,6,32,32,12,1,2,2,4,1,1,7,241,32
2023,958,Tennessee,4,16,9,16.2,0,3,1,1,1,2,2,139,9
2023,957,Texas,2,8,14,14.7,1,2,2,4,1,0,6,153,14
2023,956,Texas A&M,7,64,6,18.6,1,2,0,2,3,0,4,113,6
2023,955,Texas A&M Corpus Chris,16,64,206,-2.5,0,0,0,3,0,0,199,312,207
2023,954,Texas Southern,16,68,275,-6.9,0,3,0,1,0,1,223,303,275
2023,953,UC Santa Barbara,14,64,118,3.2,0,0,0,0,1,0,103,301,118
2023,952,UCLA,2,16,3,20.7,0,0,1,2,6,0,2,117,3
2023,951,UNC Asheville,15,64,171,0.1,0,0,0,1,1,1,12,231,171
2023,950,USC,10,64,26,13.4,0,1,0,1,3,2,16,254,26
2023,949,Utah St.,10,64,37,11.3,0,0,1,1,0,2,22,102,37
2023,948,VCU,12,64,58,9.3,0,1,0,0,1,1,51,213,58
2023,947,Vermont,15,64,115,3.4,0,1,0,1,1,1,104,320,115
2023,946,Virginia,4,64,48,10.5,1,2,0,0,1,2,16,161,48
2023,945,West Virginia,9,64,22,13.9,1,3,2,4,0,1,1,125,22
2023,944,Xavier,3,16,10,16.2,3,2,1,0,2,0,8,143,10
2022,943,Akron,13,64,73,8.9,0,0,0,1,0,1,4,128,74
2022,942,Alabama,6,64,52,11,0,2,0,1,3,2,14,165,52
2022,941,Arizona,1,16,3,24.1,2,2,1,1,1,0,1,151,3
2022,940,Arkansas,4,8,9,18.3,0,1,1,1,2,2,6,175,9
2022,939,Auburn,2,32,18,15.5,0,2,0,0,4,1,11,124,18
2022,938,Baylor,1,32,7,18.7,1,1,4,1,3,1,3,177,7
2022,937,Boise St.,8,64,24,14.8,1,0,0,1,3,1,18,113,24
2022,936,Bryant,16,68,230,-2.5,0,1,0,0,0,1,50,302,230
2022,935,Cal St. Fullerton,15,64,166,1.5,0,0,0,0,0,2,71,310,166
2022,934,Chattanooga,13,64,85,7.5,0,0,1,0,1,2,2,153,85
2022,933,Colgate,14,64,135,3.1,0,0,0,1,1,2,31,216,135
2022,932,Colorado St.,6,64,49,11.5,1,0,0,0,1,2,36,335,49
2022,931,Connecticut,5,64,20,15.3,0,2,2,1,1,2,8,167,20
2022,930,Creighton,9,32,78,8.7,1,3,2,1,2,0,10,247,78
2022,929,Davidson,10,64,44,11.9,0,1,1,1,1,0,20,96,44
2022,928,Delaware,15,64,129,3.7,0,0,0,2,0,1,69,329,129
2022,927,Duke,2,4,2,24.3,1,0,1,1,4,0,2,176,2
2022,926,Georgia St.,16,64,185,0.5,0,0,0,0,0,2,59,297,185
2022,925,Gonzaga,1,16,1,29.5,1,0,0,1,2,0,1,177,1
2022,924,Houston,5,8,16,15.8,0,0,0,0,2,3,8,163,16
2022,923,Illinois,4,32,10,17.3,1,1,3,2,2,1,5,95,10
2022,922,Indiana,12,64,43,12,0,3,1,2,1,3,24,239,43
2022,921,Iowa,5,64,13,16.7,0,3,3,1,2,2,11,134,13
2022,920,Iowa St.,11,16,50,11.2,1,2,2,2,1,2,13,176,50
2022,919,Jacksonville St.,15,64,101,6.3,0,0,0,1,0,2,16,149,101
2022,918,Kansas,1,1,5,18.9,0,2,4,2,2,0,1,175,5
2022,917,Kentucky,2,64,4,19.9,1,3,1,1,3,1,4,178,4
2022,916,Longwood,14,64,196,-0.7,0,1,0,0,0,0,183,341,198
2022,915,Loyola Chicago,10,64,53,10.9,0,0,0,0,3,2,10,154,53
2022,914,LSU,6,64,32,13.3,0,5,1,0,1,2,8,162,32
2022,913,Marquette,9,64,36,13.1,2,3,1,1,0,2,9,229,36
2022,912,Memphis,9,32,66,9.6,1,0,0,0,1,3,11,146,67
2022,911,Miami FL,10,8,17,15.7,1,0,2,0,2,1,16,182,17
2022,910,Michigan,11,16,33,13.2,1,4,2,1,2,1,2,234,33
2022,909,Michigan St.,7,32,42,12,1,2,1,2,1,2,1,179,42
2022,908,Montana St.,14,64,116,4.6,0,0,0,1,0,0,19,233,116
2022,907,Murray St.,7,32,74,8.9,0,1,0,0,2,0,20,179,72
2022,906,New Mexico St.,12,32,99,6.4,1,0,0,0,0,0,62,181,99
2022,905,Norfolk St.,16,64,228,-2.5,0,0,0,1,0,1,54,305,228
2022,904,North Carolina,8,2,19,15.4,1,1,1,1,2,1,5,173,19
2022,903,Notre Dame,11,32,55,10.9,1,1,0,2,2,0,45,184,55
2022,902,Ohio St.,7,32,30,14.3,1,2,1,3,2,1,9,162,30
2022,901,Providence,4,16,14,16.5,2,1,2,1,1,0,3,168,14
2022,900,Purdue,3,16,11,17,2,1,0,3,2,1,4,161,11
2022,899,Richmond,12,32,70,9.2,0,0,0,1,1,3,25,223,70
2022,898,Rutgers,11,68,82,8.3,1,3,2,1,1,3,49,225,82
2022,897,Saint Mary's,5,32,34,13.1,1,1,0,1,1,3,16,161,35
2022,896,Saint Peter's,15,8,125,3.8,0,1,0,2,0,0,20,233,125
2022,895,San Diego St.,8,64,57,10.5,0,1,0,2,2,2,22,108,57
2022,894,San Francisco,10,64,8,18.5,0,1,0,1,3,0,6,173,8
2022,893,Seton Hall,8,64,12,16.7,0,3,3,1,1,1,1,158,12
2022,892,South Dakota St.,13,64,102,6.3,0,0,0,0,0,2,33,175,102
2022,891,TCU,9,32,23,15.1,0,2,2,3,1,1,8,175,23
2022,890,Tennessee,3,32,15,16.4,0,2,1,2,2,1,5,151,15
2022,889,Texas,6,32,28,14.5,1,4,1,3,2,0,5,74,28
2022,888,Texas A&M Corpus Chris,16,68,201,-1,0,0,0,1,0,1,98,342,201
2022,887,Texas Southern,16,64,219,-2.1,0,0,0,1,1,3,35,220,219
2022,886,Texas Tech,3,16,31,13.7,1,3,1,3,1,1,19,142,31
2022,885,UAB,12,64,92,6.9,0,0,0,0,2,0,44,145,92
2022,884,UCLA,4,16,6,18.8,0,1,2,1,0,2,2,125,6
2022,883,USC,7,64,26,14.5,1,2,1,0,2,0,10,67,26
2022,882,Vermont,13,64,58,10.4,0,1,0,1,1,0,2,176,58
2022,881,Villanova,2,4,21,15.2,2,3,2,1,1,1,10,95,21
2022,880,Virginia Tech,11,64,46,11.8,1,2,1,1,1,2,1,71,46
2022,879,Wisconsin,3,32,22,15.2,1,1,3,1,3,0,19,154,22
2022,878,Wright St.,16,64,173,1.2,0,1,0,0,1,0,110,302,173
2022,877,Wyoming,12,68,71,9,0,2,0,1,2,0,19,186,71
2022,876,Yale,14,64,141,2.6,0,2,0,1,1,1,67,324,141
2021,875,Abilene Christian,14,32,157,0,0,2,0,0,0,0,22,228,157
2021,874,Alabama,2,16,7,18.1,0,1,4,1,1,1,2,144,7
2021,873,Appalachian St.,16,68,252,-6.7,0,0,0,1,0,1,9,255,252
2021,872,Arkansas,3,8,18,15,0,2,2,2,2,0,7,134,18
2021,871,Baylor,1,1,2,23.7,4,1,0,0,1,0,1,143,2
2021,870,BYU,6,64,6,19.7,1,1,1,0,3,1,5,79,6
2021,869,Clemson,7,64,108,4.2,0,1,0,2,0,2,37,161,109
2021,868,Cleveland St.,15,64,192,-2.5,0,1,1,1,0,1,153,326,192
2021,867,Colgate,14,64,45,11.6,0,0,0,0,0,0,16,165,45
2021,866,Colorado,5,32,38,12.6,0,0,1,3,4,1,1,97,38
2021,865,Connecticut,7,64,14,16,0,1,1,1,3,1,7,150,14
2021,864,Creighton,5,16,21,14.8,1,1,1,1,4,1,5,108,21
2021,863,Drake,11,64,66,8.7,0,0,0,0,2,0,3,153,66
2021,862,Drexel,16,64,142,1.1,0,0,0,0,0,1,81,296,142
2021,861,Eastern Washington,14,64,90,5.6,0,0,0,2,0,2,41,286,90
2021,860,Florida,7,32,25,14.1,1,2,1,3,2,0,18,140,25
2021,859,Florida St.,4,16,43,11.8,0,1,0,0,2,2,16,139,43
2021,858,Georgetown,12,64,77,7.4,1,1,0,2,0,2,64,235,77
2021,857,Georgia Tech,9,64,19,15,0,1,0,2,1,1,10,269,19
2021,856,Gonzaga,1,2,1,26.5,1,0,0,0,3,0,1,154,1
2021,855,Grand Canyon,15,64,117,3.4,0,0,0,0,0,0,62,217,117
2021,854,Hartford,16,64,181,-1.5,0,1,0,0,1,0,177,296,181
2021,853,Houston,2,4,27,13.9,0,0,1,0,1,1,12,127,27
2021,852,Illinois,1,32,3,23.6,3,0,3,1,1,1,2,65,3
2021,851,Iona,15,64,170,-0.5,0,0,0,1,0,0,63,305,170
2021,850,Iowa,2,32,4,23,2,2,1,1,2,0,3,122,4
2021,849,Kansas,3,32,22,14.8,1,4,0,1,1,1,2,128,22
2021,848,Liberty,13,64,133,1.7,0,0,0,1,0,0,57,197,133
2021,847,Loyola Chicago,8,16,10,17,0,1,0,0,3,1,9,201,10
2021,846,LSU,8,32,48,11.3,0,3,2,1,1,0,12,110,48
2021,845,Maryland,10,32,37,12.8,2,2,0,2,1,1,30,194,37
2021,844,Michigan,1,8,5,19.8,3,0,2,0,0,0,3,129,5
2021,843,Michigan St.,11,68,104,4.6,0,4,2,1,0,2,2,146,104
2021,842,Missouri,9,64,39,12.5,2,0,1,1,1,2,6,61,39
2021,841,Morehead St.,14,64,140,1.2,0,1,0,1,0,1,125,339,140
2021,840,Mount St. Mary's,16,68,226,-5,0,0,0,1,0,1,193,310,225
2021,839,Norfolk St.,16,64,230,-5.2,0,0,0,0,0,1,16,249,230
2021,838,North Carolina,8,64,54,10.5,0,3,1,2,1,1,24,84,54
2021,837,North Texas,13,32,81,6.8,0,3,1,2,0,0,28,144,81
2021,836,Ohio,13,32,116,3.4,0,1,1,1,0,1,8,156,116
2021,835,Ohio St.,2,64,8,17.6,3,1,2,0,2,1,7,86,8
2021,834,Oklahoma,8,32,55,10.1,2,5,0,0,1,1,16,132,55
2021,833,Oklahoma St.,4,32,17,15.3,2,3,0,0,3,1,5,33,17
2021,832,Oral Roberts,15,16,146,0.7,0,2,0,1,0,2,111,327,146
2021,831,Oregon,7,16,29,13.7,0,0,1,2,3,0,18,144,29
2021,830,Oregon St.,12,8,67,8.6,0,0,1,3,2,2,40,265,67
2021,829,Purdue,4,64,16,15.8,1,2,2,1,0,1,15,121,16
2021,828,Rutgers,10,32,58,9.9,0,3,2,1,1,0,1,118,58
2021,827,San Diego St.,6,64,15,15.9,0,0,0,2,0,0,1,100,15
2021,826,St. Bonaventure,9,64,70,8.2,1,0,1,0,0,1,61,155,70
2021,825,Syracuse,11,16,80,7,0,2,1,1,0,3,5,273,80
2021,824,Tennessee,5,64,31,13.5,0,1,2,1,1,2,1,145,31
2021,823,Texas,3,64,9,17.3,2,2,0,0,2,0,1,142,9
2021,822,Texas Southern,16,64,208,-3.8,0,2,0,0,0,3,194,311,208
2021,821,Texas Tech,6,32,11,17,1,4,1,0,1,0,4,122,11
2021,820,UC Santa Barbara,12,64,89,5.8,0,0,0,0,2,2,62,214,89
2021,819,UCLA,11,4,65,8.9,0,1,1,3,1,2,25,306,65
2021,818,UNC Greensboro,13,64,85,6.2,0,0,0,0,0,0,80,314,85
2021,817,USC,6,8,32,13.3,0,0,1,1,3,2,4,151,32
2021,816,Utah St.,11,64,44,11.8,0,0,0,0,0,2,3,148,44
2021,815,VCU,10,64,69,8.4,0,0,0,2,1,1,19,130,68
2021,814,Villanova,5,16,36,12.8,1,1,1,0,2,2,2,137,36
2021,813,Virginia,4,64,12,16.8,1,0,1,2,2,1,3,137,12
2021,812,Virginia Tech,10,64,75,7.5,0,0,0,0,1,3,34,194,75
2021,811,West Virginia,3,32,13,16.7,3,1,0,0,2,1,6,138,13
2021,810,Wichita St.,11,68,68,8.4,0,1,0,1,1,0,34,143,69
2021,809,Winthrop,12,64,109,4.2,0,0,0,0,0,0,22,153,110
2021,808,Wisconsin,9,32,24,14.4,0,4,1,1,2,1,11,77,24
2019,807,Abilene Christian,15,64,165,0.4,0,1,0,0,0,0,43,264,165
2019,806,Arizona St.,11,64,73,7.7,0,0,0,0,2,2,36,156,73
2019,805,Auburn,5,4,44,11,0,3,1,2,1,1,15,160,45
2019,804,Baylor,9,32,29,13.5,0,3,2,0,1,2,14,265,29
2019,803,Belmont,11,64,34,12.6,0,1,2,0,0,0,10,180,34
2019,802,Bradley,15,64,175,0,0,0,0,0,1,1,96,266,175
2019,801,Buffalo,6,32,37,12.2,1,0,0,1,1,0,7,88,37
2019,800,Cincinnati,7,64,46,10.9,0,1,0,2,1,0,29,162,46
2019,799,Colgate,15,64,138,2.4,0,1,0,1,0,1,37,304,138
2019,798,Duke,1,8,4,24.4,4,2,0,0,1,0,1,170,4
2019,797,Fairleigh Dickinson,16,64,193,-1.5,0,0,0,1,0,2,192,351,193
2019,796,Florida,10,32,22,15,1,3,1,2,1,1,17,291,22
2019,795,Florida St.,4,16,17,15.9,2,2,0,0,2,1,15,100,17
2019,794,Gardner Webb,16,64,171,0.1,0,1,0,1,1,1,91,305,171
2019,793,Georgia St.,14,64,144,2.2,0,1,0,0,2,1,39,216,144
2019,792,Gonzaga,1,8,3,25.5,0,1,1,0,3,0,2,121,3
2019,791,Houston,3,16,6,21.5,0,0,2,0,2,1,5,171,6
2019,790,Iona,16,64,218,-3,0,0,0,2,0,1,76,313,220
2019,789,Iowa,10,32,56,9.8,0,3,2,0,2,3,28,163,56
2019,788,Iowa St.,6,64,27,13.7,2,1,2,1,1,3,12,148,27
2019,787,Kansas,4,32,64,9.3,0,4,1,2,2,1,2,175,63
2019,786,Kansas St.,4,64,15,16.7,1,1,3,2,2,1,15,195,15
2019,785,Kentucky,2,8,5,22.3,2,1,3,0,1,1,1,163,5
2019,784,Liberty,12,32,62,9.3,0,0,2,0,0,1,32,191,62
2019,783,Louisville,7,64,11,19,2,3,0,1,2,1,6,147,11
2019,782,LSU,3,16,9,19.4,2,1,4,0,2,0,9,158,9
2019,781,Marquette,5,64,28,13.7,0,0,1,2,5,2,24,244,28
2019,780,Maryland,6,32,14,17.4,0,4,0,1,5,0,7,132,14
2019,779,Michigan,2,16,10,19.4,1,2,2,1,4,1,1,133,10
2019,778,Michigan St.,2,4,8,20.6,3,2,1,1,4,1,6,171,8
2019,777,Minnesota,10,32,71,8,1,4,0,0,1,5,51,205,71
2019,776,Mississippi,8,64,40,11.8,0,1,2,1,1,3,23,177,40
2019,775,Mississippi St.,5,64,32,12.9,0,2,3,1,0,2,13,146,32
2019,774,Montana,15,64,107,4.4,0,0,0,0,1,2,71,300,107
2019,773,Murray St.,12,32,39,12.2,0,0,0,1,1,1,11,181,39
2019,772,Nevada,7,64,21,15,0,0,1,1,1,0,7,117,21
2019,771,New Mexico St.,12,64,52,10.2,0,0,0,0,0,0,27,146,52
2019,770,North Carolina,1,16,2,28.5,5,1,0,0,3,0,1,10,2
2019,769,North Carolina Central,16,68,318,-10.3,0,1,0,1,0,1,197,318,318
2019,768,North Dakota St.,16,64,252,-5.3,0,1,0,1,0,3,182,318,252
2019,767,Northeastern,13,64,74,7.6,0,1,0,0,0,3,9,264,74
2019,766,Northern Kentucky,14,64,106,4.5,0,0,0,2,0,0,38,152,106
2019,765,Ohio St.,11,32,57,9.6,0,4,2,0,2,3,4,125,58
2019,764,Oklahoma,9,32,33,12.8,0,3,0,2,3,1,14,150,33
2019,763,Old Dominion,14,64,134,2.8,1,0,0,0,0,0,62,296,134
2019,762,Oregon,12,16,80,7,0,1,1,1,1,3,23,143,80
2019,761,Prairie View A&M,16,68,244,-4.6,0,0,0,2,0,2,16,308,244
2019,760,Purdue,3,8,20,15.5,1,5,2,0,3,1,14,124,20
2019,759,Saint Louis,13,64,126,3.3,0,1,0,2,1,1,19,233,126
2019,758,Saint Mary's,11,64,45,11,0,1,0,0,2,1,4,129,44
2019,757,Seton Hall,10,64,69,8.1,1,0,0,3,2,5,33,213,69
2019,756,St. John's,11,68,55,9.9,0,1,1,2,3,4,1,158,55
2019,755,Syracuse,8,64,16,16.1,1,4,0,0,3,0,1,132,16
2019,754,Temple,11,68,67,8.3,0,1,0,2,2,0,34,166,67
2019,753,Tennessee,2,16,7,20.8,1,2,2,1,2,0,2,151,7
2019,752,Texas Tech,3,2,12,18.6,1,1,2,1,2,1,11,163,12
2019,751,UC Irvine,13,32,65,9.2,0,0,2,0,0,1,15,100,65
2019,750,UCF,9,32,41,11.6,1,0,0,1,1,2,28,169,41
2019,749,Utah St.,8,64,49,10.4,0,2,1,0,1,0,3,157,49
2019,748,VCU,8,64,26,13.9,1,1,1,0,1,1,25,192,26
2019,747,Vermont,13,64,85,6.7,0,1,0,1,1,1,31,172,85
2019,746,Villanova,6,32,35,12.5,0,0,1,1,3,4,6,171,35
2019,745,Virginia,1,1,1,30.5,7,1,0,0,3,0,1,120,1
2019,744,Virginia Tech,4,16,23,15,1,4,0,1,3,0,20,148,23
2019,743,Washington,9,32,36,12.4,0,1,0,1,4,1,14,116,36
2019,742,Wisconsin,5,64,13,17.8,0,2,1,2,7,0,7,153,13
2019,741,Wofford,7,32,19,15.8,0,0,0,2,4,1,16,125,19
2019,740,Yale,14,64,86,6.6,0,1,0,0,0,1,52,200,86
2018,739,Alabama,9,32,48,10.6,1,2,0,2,1,3,25,179,48
2018,738,Arizona,4,64,17,16.7,0,0,0,0,4,2,2,120,17
2018,737,Arizona St.,11,68,59,9.8,1,1,0,0,1,4,1,159,59
2018,736,Arkansas,7,64,70,8.4,0,2,1,3,1,2,38,293,70
2018,735,Auburn,4,32,12,18.4,1,1,1,1,3,2,4,124,12
2018,734,Bucknell,14,64,99,5.9,0,1,0,0,0,3,19,262,99
2018,733,Buffalo,13,32,60,9.8,0,0,0,2,0,0,14,198,60
2018,732,Butler,10,32,35,12.5,0,2,2,1,1,4,29,141,35
2018,731,Cal St. Fullerton,15,64,193,-1.1,0,1,0,1,0,0,183,347,193
2018,730,Cincinnati,2,32,4,20.7,1,1,1,1,0,0,4,121,4
2018,729,Clemson,5,16,27,13.8,1,3,0,2,2,1,3,142,27
2018,728,College of Charleston,13,64,125,3.4,0,1,0,1,1,0,30,170,125
2018,727,Creighton,8,64,62,9.5,0,3,1,3,3,1,12,104,62
2018,726,Davidson,12,64,67,8.9,0,2,0,2,0,0,39,247,67
2018,725,Duke,2,8,11,18.7,1,2,1,0,2,3,1,107,11
2018,724,Florida,6,32,5,19.4,0,1,4,0,1,2,2,171,5
2018,723,Florida St.,9,8,36,12.4,2,2,1,2,0,3,7,181,36
2018,722,Georgia St.,15,64,77,7.8,0,0,0,0,0,0,11,154,78
2018,721,Gonzaga,4,16,7,19.2,1,0,0,0,3,0,4,138,7
2018,720,Houston,6,32,33,13,0,2,0,0,0,1,14,139,33
2018,719,Iona,15,64,104,5.1,0,0,0,2,0,1,20,114,104
2018,718,Kansas,1,4,15,17.7,3,0,2,1,2,2,4,139,15
2018,717,Kansas St.,9,8,30,13.6,0,4,1,0,3,1,15,143,30
2018,716,Kentucky,5,16,31,13.6,1,3,0,2,3,1,8,164,31
2018,715,Lipscomb,15,64,141,2.2,0,2,0,1,3,1,61,254,141
2018,714,LIU Brooklyn,16,68,245,-5,0,0,0,0,0,0,233,295,245
2018,713,Loyola Chicago,11,4,63,9.4,1,0,0,0,0,1,34,248,63
2018,712,Marshall,13,32,122,3.6,0,1,0,0,2,3,117,264,122
2018,711,Miami FL,6,64,24,14.6,2,0,1,2,1,1,7,117,24
2018,710,Michigan,3,2,13,18.2,2,3,0,1,3,1,11,164,13
2018,709,Michigan St.,3,32,8,19.1,0,1,0,0,4,0,4,127,8
2018,708,Missouri,8,64,44,11.1,0,0,1,2,2,4,37,240,44
2018,707,Montana,14,64,95,6.2,0,1,0,0,0,3,33,266,96
2018,706,Murray St.,12,64,65,9.2,0,0,0,0,0,1,5,142,65
2018,705,Nevada,7,16,19,16,0,1,1,0,1,0,1,106,19
2018,704,New Mexico St.,12,64,47,10.7,0,1,0,0,0,0,26,225,47
2018,703,North Carolina,2,32,6,19.3,1,3,3,2,2,0,1,114,6
2018,702,North Carolina Central,16,68,328,-12,0,0,0,0,0,0,216,329,328
2018,701,North Carolina St.,9,64,71,8.3,1,2,1,2,1,0,66,231,71
2018,700,Ohio St.,5,32,10,18.7,1,2,0,0,3,0,1,144,10
2018,699,Oklahoma,10,64,76,8,2,3,0,3,0,2,6,166,76
2018,698,Penn,16,64,106,5.1,0,1,0,0,0,0,76,292,106
2018,697,Providence,10,64,64,9.4,0,2,2,3,2,1,24,150,64
2018,696,Purdue,2,16,3,22.7,1,1,1,0,2,1,1,77,3
2018,695,Radford,16,64,167,0.6,0,3,0,0,0,1,36,272,167
2018,694,Rhode Island,7,32,32,13.4,0,1,0,2,0,1,20,70,32
2018,693,San Diego St.,11,64,108,4.5,0,1,0,1,1,2,28,304,108
2018,692,Seton Hall,8,32,38,12.1,0,2,2,2,3,1,14,139,38
2018,691,South Dakota St.,12,64,91,6.7,0,2,0,0,0,1,73,288,92
2018,690,St. Bonaventure,11,64,50,10.4,0,0,1,1,1,1,18,239,50
2018,689,Stephen F. Austin,14,64,135,2.7,0,0,0,1,1,1,25,172,135
2018,688,Syracuse,11,16,46,10.7,1,2,2,1,0,2,28,147,46
2018,687,TCU,6,64,23,14.8,0,3,1,1,1,3,15,161,23
2018,686,Tennessee,3,32,14,17.7,0,0,1,2,4,2,7,126,14
2018,685,Texas,10,64,51,10.4,0,4,0,2,1,1,27,135,51
2018,684,Texas A&M,7,16,41,11.5,1,2,1,3,2,2,1,177,41
2018,683,Texas Southern,16,64,246,-5,0,4,0,2,0,4,171,304,246
2018,682,Texas Tech,3,8,18,16.1,2,1,1,1,1,3,1,160,18
2018,681,UCLA,11,68,39,12.1,1,1,1,0,0,5,34,206,39
2018,680,UMBC,16,32,139,2.3,0,1,1,1,0,1,23,230,139
2018,679,UNC Greensboro,13,64,96,6.2,0,1,0,0,2,2,16,182,95
2018,678,Villanova,1,1,1,24.5,1,0,3,1,2,2,1,130,1
2018,677,Virginia,1,64,2,24.4,3,1,3,0,1,0,1,121,2
2018,676,Virginia Tech,8,64,20,15.2,1,2,1,3,2,0,20,119,20
2018,675,West Virginia,5,16,21,14.9,0,3,2,0,2,1,9,178,21
2018,674,Wichita St.,4,64,9,18.9,1,0,1,1,1,0,3,115,9
2018,673,Wright St.,14,64,121,3.7,0,0,0,0,2,2,21,233,121
2018,672,Xavier,1,32,16,16.9,0,1,4,0,4,1,3,81,16
2017,671,Arizona,2,16,9,20.5,1,1,0,0,3,0,1,166,9
2017,670,Arkansas,8,32,59,9.3,0,3,2,1,3,0,53,194,60
2017,669,Baylor,3,16,10,19.6,1,3,2,0,3,1,1,166,10
2017,668,Bucknell,13,64,86,7.1,0,1,1,1,0,0,74,303,86
2017,667,Butler,4,16,22,15.9,1,1,4,1,1,1,4,137,22
2017,666,Cincinnati,6,32,25,15,1,2,0,0,2,0,10,143,25
2017,665,Creighton,6,64,16,18.2,1,1,1,3,4,0,4,159,16
2017,664,Dayton,7,64,34,13.1,0,0,2,0,2,1,7,89,34
2017,663,Duke,2,32,12,19,2,3,1,2,0,0,1,152,12
2017,662,East Tennessee St.,13,64,75,8.3,0,0,0,1,0,1,45,185,75
2017,661,Florida,4,8,3,23.7,0,1,3,3,2,0,1,175,3
2017,660,Florida Gulf Coast,14,64,94,6.4,0,1,0,0,0,1,15,180,94
2017,659,Florida St.,3,32,38,12.8,2,3,0,1,1,0,3,167,38
2017,658,Gonzaga,1,2,1,29.2,1,0,0,0,2,0,1,162,1
2017,657,Iona,14,64,124,4,0,0,0,2,0,1,70,271,124
2017,656,Iowa St.,5,32,23,15.7,2,2,2,1,1,3,22,217,23
2017,655,Jacksonville St.,15,64,185,0,0,1,0,0,1,2,7,301,185
2017,654,Kansas,1,8,7,21,4,1,2,0,3,0,2,170,7
2017,653,Kansas St.,11,64,31,14.1,2,3,0,1,2,2,6,152,31
2017,652,Kent St.,14,64,139,2.8,0,0,0,0,1,1,101,265,139
2017,651,Kentucky,2,8,17,17.8,0,2,3,0,2,1,4,164,17
2017,650,Louisville,2,32,13,18.8,0,3,1,2,0,0,4,133,13
2017,649,Marquette,10,64,36,13,1,2,1,3,1,1,10,169,37
2017,648,Maryland,6,64,14,18.4,0,0,4,1,3,1,6,236,14
2017,647,Miami FL,8,64,19,17,1,2,1,3,0,0,1,76,19
2017,646,Michigan,7,16,39,12.4,0,1,0,4,2,3,25,194,39
2017,645,Michigan St.,9,32,55,9.5,0,2,1,2,1,3,10,172,55
2017,644,Middle Tennessee,12,32,33,13.4,0,0,0,0,3,1,7,176,33
2017,643,Minnesota,5,64,30,14.3,1,0,2,2,1,3,14,136,30
2017,642,Mount St. Mary's,16,64,190,-0.4,0,2,0,2,1,3,187,314,190
2017,641,Nevada,12,64,41,12.3,0,1,0,0,1,0,34,104,41
2017,640,New Mexico St.,14,64,128,3.8,0,0,0,0,1,1,48,230,128
2017,639,New Orleans,16,68,236,-3.6,0,1,0,1,0,1,127,348,236
2017,638,North Carolina,1,1,24,15.4,0,3,2,0,1,1,4,157,24
2017,637,North Carolina Central,16,68,176,0.4,0,0,0,0,0,1,53,306,176
2017,636,North Dakota,15,64,174,0.6,0,0,0,0,0,1,50,227,174
2017,635,Northern Kentucky,15,64,155,1.9,0,1,0,0,0,3,84,282,155
2017,634,Northwestern,8,32,37,13,0,1,1,1,3,3,7,132,36
2017,633,Notre Dame,5,32,21,16.3,1,2,2,1,0,0,16,168,21
2017,632,Oklahoma St.,10,64,8,20.7,2,4,2,0,2,1,5,153,8
2017,631,Oregon,3,4,18,17,0,2,1,0,2,0,7,199,18
2017,630,Princeton,12,64,58,9.3,0,0,0,0,3,3,41,170,58
2017,629,Providence,11,68,50,10.3,1,2,2,1,1,2,18,209,50
2017,628,Purdue,4,16,26,14.8,1,1,1,1,4,2,16,142,26
2017,627,Rhode Island,11,32,29,14.3,0,0,0,2,2,3,27,138,28
2017,626,Saint Mary's,7,32,6,21.1,0,1,1,0,1,0,5,102,6
2017,625,Seton Hall,9,64,46,10.7,1,2,1,2,1,2,6,126,46
2017,624,SMU,6,64,15,18.2,0,1,0,0,2,2,15,113,15
2017,623,South Carolina,7,4,43,11.4,0,2,1,1,1,1,32,166,43
2017,622,South Dakota St.,16,64,252,-4.2,0,1,0,0,0,1,117,319,252
2017,621,Texas Southern,16,64,246,-4,0,4,0,0,1,2,29,249,246
2017,620,Troy,15,64,151,2.2,0,0,0,0,0,2,61,325,151
2017,619,UC Davis,16,64,237,-3.7,0,0,0,0,0,1,26,256,237
2017,618,UCLA,3,16,4,21.6,2,1,1,0,1,1,3,136,4
2017,617,UNC Wilmington,12,64,69,8.7,0,0,0,0,2,1,15,101,69
2017,616,USC,11,32,89,7,0,3,0,1,1,1,8,136,89
2017,615,Vanderbilt,9,64,42,12.2,1,1,0,4,3,0,39,320,42
2017,614,VCU,10,64,66,8.9,0,0,0,2,3,1,28,118,66
2017,613,Vermont,13,64,74,8.3,0,1,0,2,0,0,3,161,74
2017,612,Villanova,1,32,2,25.4,1,1,4,1,3,0,2,67,2
2017,611,Virginia,5,32,11,19.5,2,2,0,2,2,0,1,17,11
2017,610,Virginia Tech,9,64,47,10.6,0,4,2,1,1,0,10,229,48
2017,609,Wake Forest,11,68,44,11.3,0,3,1,2,1,2,41,141,44
2017,608,West Virginia,4,16,5,21.4,3,2,1,1,2,1,2,132,5
2017,607,Wichita St.,10,32,20,16.6,0,0,0,1,2,0,14,139,20
2017,606,Winthrop,13,64,76,8.2,0,0,0,2,1,0,16,244,76
2017,605,Wisconsin,8,16,28,14.4,0,1,2,2,3,2,8,91,29
2017,604,Xavier,11,8,52,9.8,1,4,1,3,1,0,6,141,52
2016,603,Arizona,6,64,15,16.2,0,0,1,2,1,3,5,154,15
2016,602,Austin Peay,16,64,236,-4.1,0,0,0,2,0,0,217,346,236
2016,601,Baylor,5,64,21,15.4,2,4,0,1,2,0,17,147,21
2016,600,Buffalo,14,64,167,0.5,0,3,0,0,0,1,57,298,166
2016,599,Butler,9,32,37,13.2,1,2,2,1,0,2,7,127,37
2016,598,Cal St. Bakersfield,15,64,142,1.7,0,0,0,1,0,0,121,320,142
2016,597,California,4,64,44,12.2,0,3,0,1,1,2,22,158,44
2016,596,Chattanooga,12,64,107,5.1,0,1,1,0,1,0,10,149,107
2016,595,Cincinnati,9,64,36,13.5,1,2,0,1,1,3,1,81,35
2016,594,Colorado,8,64,100,5.8,0,1,0,2,0,4,10,162,100
2016,593,Connecticut,9,32,16,16,1,1,1,1,1,2,3,152,16
2016,592,Dayton,7,64,35,13.5,0,1,1,0,3,0,3,152,36
2016,591,Duke,4,16,14,16.4,1,1,2,2,1,1,3,153,14
2016,590,Fairleigh Dickinson,16,68,228,-3.6,0,1,0,1,0,1,226,333,228
2016,589,Florida Gulf Coast,16,64,174,-0.3,0,0,0,2,0,0,122,310,174
2016,588,Fresno St.,14,64,114,4.3,0,3,0,0,1,0,16,166,114
2016,587,Gonzaga,11,16,28,14.2,0,1,0,1,1,0,8,165,28
2016,586,Green Bay,14,64,143,1.6,0,1,0,3,0,1,23,261,143
2016,585,Hampton,16,64,289,-7.1,0,1,0,0,0,1,58,303,289
2016,584,Hawaii,13,32,72,8.4,0,0,0,0,2,1,50,228,72
2016,583,Holy Cross,16,64,266,-6.1,0,1,0,0,0,1,211,311,266
2016,582,Indiana,5,16,30,14.2,1,3,0,0,2,0,11,130,30
2016,581,Iona,13,64,79,7.8,0,0,0,1,1,3,68,302,79
2016,580,Iowa,7,32,4,20,2,1,0,2,2,1,1,130,4
2016,579,Iowa St.,4,16,20,15.6,0,5,1,1,1,1,6,155,20
2016,578,Kansas,1,8,3,20.1,4,2,0,0,2,0,2,155,3
2016,577,Kentucky,4,32,26,14.5,0,1,1,2,2,1,5,188,26
2016,576,Little Rock,12,32,68,8.7,1,0,0,0,2,1,8,249,68
2016,575,Maryland,5,16,27,14.3,1,3,0,1,3,1,10,148,27
2016,574,Miami FL,3,16,29,14.2,0,2,2,1,2,2,1,146,29
2016,573,Michigan,11,64,59,10.4,0,4,1,1,1,1,14,243,59
2016,572,Michigan St.,2,64,1,24.6,0,3,0,0,3,0,1,150,1
2016,571,Middle Tennessee,15,32,151,1.3,0,0,0,0,0,1,97,256,151
2016,570,North Carolina,1,2,7,17.7,2,3,1,1,2,1,1,146,7
2016,569,Northern Iowa,11,32,99,5.8,1,0,0,0,1,4,1,214,98
2016,568,Notre Dame,6,8,33,13.6,1,2,0,2,2,1,5,141,33
2016,567,Oklahoma,2,4,18,15.7,2,3,0,0,2,2,4,159,18
2016,566,Oregon,1,8,22,15.4,1,0,1,1,2,2,10,155,22
2016,565,Oregon St.,7,64,86,7.4,0,2,0,2,2,2,20,229,86
2016,564,Pittsburgh,10,64,43,12.2,1,2,1,2,1,2,7,161,43
2016,563,Providence,9,32,32,13.7,1,2,2,0,2,1,2,163,32
2016,562,Purdue,5,64,8,17.2,1,1,1,2,1,1,1,124,8
2016,561,Saint Joseph's,8,32,19,15.7,0,0,0,0,5,1,6,234,19
2016,560,Seton Hall,6,64,13,16.5,0,2,2,1,2,1,4,160,13
2016,559,South Dakota St.,12,64,104,5.3,0,0,0,0,0,1,6,145,104
2016,558,Southern,16,68,251,-5,0,0,0,0,1,2,53,312,251
2016,557,Stephen F. Austin,14,32,58,10.6,0,1,0,0,0,2,57,343,58
2016,556,Stony Brook,13,64,55,10.7,0,0,0,2,0,0,23,137,55
2016,555,Syracuse,10,4,25,14.6,1,3,0,3,1,1,19,171,25
2016,554,Temple,10,64,75,8.1,1,1,2,0,0,2,44,192,75
2016,553,Texas,6,64,17,15.8,2,3,0,0,1,1,15,174,17
2016,552,Texas A&M,3,16,34,13.5,0,0,0,1,2,1,17,187,34
2016,551,Texas Tech,8,64,54,10.8,1,5,0,0,0,2,40,185,54
2016,550,Tulsa,11,68,57,10.6,1,1,0,2,0,2,11,184,57
2016,549,UNC Asheville,15,64,133,2.2,0,0,1,1,0,0,27,265,133
2016,548,UNC Wilmington,13,64,87,7.3,0,0,1,1,1,0,6,191,87
2016,547,USC,8,64,77,7.9,0,2,0,1,2,2,12,144,77
2016,546,Utah,3,32,39,12.6,0,2,0,1,4,1,16,204,39
2016,545,Vanderbilt,11,68,38,13.1,0,3,1,2,0,4,13,145,38
2016,544,VCU,10,32,53,10.9,1,0,0,2,2,0,31,152,53
2016,543,Villanova,2,1,2,21.2,2,2,3,0,3,0,2,119,2
2016,542,Virginia,1,8,9,17.2,1,1,1,2,3,3,4,71,9
2016,541,Weber St.,15,64,178,-0.6,0,0,0,0,0,1,131,281,178
2016,540,West Virginia,3,64,6,18.7,2,3,0,1,3,0,1,152,6
2016,539,Wichita St.,11,32,5,19.6,0,1,0,0,3,1,3,122,5
2016,538,Wisconsin,7,16,11,16.7,2,3,1,1,0,1,8,253,11
2016,537,Xavier,2,32,12,16.6,0,2,3,0,3,1,1,137,12
2016,536,Yale,12,32,52,10.9,0,2,0,1,1,1,11,161,52
2015,535,Albany,14,64,98,4.9,0,0,0,1,1,0,25,218,98
2015,534,Arizona,2,8,4,22,1,0,0,0,2,1,1,159,4
2015,533,Arkansas,5,32,35,11.9,1,2,2,1,1,2,3,153,35
2015,532,Baylor,3,64,16,16.2,1,3,3,1,1,0,9,71,16
2015,531,Belmont,15,64,162,0.6,0,0,0,3,0,1,15,282,162
2015,530,Boise St.,11,68,50,9.5,0,1,1,1,1,1,15,142,50
2015,529,Buffalo,12,64,59,8.3,0,2,0,0,1,1,18,232,59
2015,528,Butler,6,32,29,12.8,0,2,1,2,5,0,5,145,29
2015,527,BYU,11,68,11,17.5,1,0,0,1,1,2,2,133,11
2015,526,Cincinnati,8,32,46,10.3,0,0,2,0,1,3,12,165,46
2015,525,Coastal Carolina,16,64,158,0.9,0,1,0,0,0,1,35,246,158
2015,524,Davidson,10,64,38,11.8,0,1,0,1,2,1,2,165,38
2015,523,Dayton,11,32,63,7.9,0,0,1,2,1,1,39,149,63
2015,522,Duke,1,1,5,20.5,4,1,0,1,3,0,1,116,5
2015,521,Eastern Washington,13,64,140,2.4,0,0,1,1,1,1,15,183,140
2015,520,Georgetown,4,32,20,15.4,0,1,1,2,4,1,12,179,21
2015,519,Georgia,10,64,28,13.4,1,2,3,0,0,2,12,91,28
2015,518,Georgia St.,14,32,139,2.5,0,1,0,0,0,1,48,265,139
2015,517,Gonzaga,2,8,8,18.3,1,1,1,0,4,0,6,136,8
2015,516,Hampton,16,64,300,-8,0,1,0,0,0,2,160,324,300
2015,515,Harvard,13,64,80,6.2,0,1,0,0,2,2,18,252,80
2015,514,Indiana,10,64,39,11.6,0,3,0,2,1,1,28,167,39
2015,513,Iowa,7,32,7,19,1,2,3,0,2,1,1,128,7
2015,512,Iowa St.,3,64,13,17.1,2,3,3,0,0,0,1,154,13
2015,511,Kansas,2,32,22,15.2,3,2,1,2,0,1,4,153,22
2015,510,Kentucky,1,4,2,23.6,2,0,4,0,2,0,1,161,2
2015,509,Lafayette,16,64,151,1.5,0,1,0,1,0,1,3,166,151
2015,508,Louisville,4,8,10,17.7,1,2,0,0,4,1,5,158,10
2015,507,LSU,9,64,17,16,1,0,4,1,1,0,11,171,17
2015,506,Manhattan,16,68,173,0,0,0,0,0,0,3,128,273,173
2015,505,Maryland,4,32,44,11.1,2,1,1,2,1,1,8,163,44
2015,504,Michigan St.,7,4,9,18.1,1,2,1,1,3,0,8,206,9
2015,503,Mississippi,11,64,21,15.4,0,2,2,1,2,1,10,233,20
2015,502,New Mexico St.,15,64,107,4.4,0,2,0,1,0,0,27,238,107
2015,501,North Carolina,4,16,6,20.4,1,3,1,0,3,1,3,152,6
2015,500,North Carolina St.,8,16,26,13.4,2,3,0,0,3,1,16,140,26
2015,499,North Dakota St.,15,64,258,-4.6,0,2,0,0,0,0,135,315,258
2015,498,North Florida,16,68,147,1.8,1,1,0,2,0,3,131,323,147
2015,497,Northeastern,14,64,127,3.3,0,0,0,1,3,1,10,208,127
2015,496,Northern Iowa,5,32,36,11.8,0,1,0,1,2,0,22,157,36
2015,495,Notre Dame,3,8,12,17.2,2,1,1,0,3,1,4,165,12
2015,494,Ohio St.,10,32,27,13.4,0,4,1,1,2,1,7,116,27
2015,493,Oklahoma,3,16,18,15.8,1,3,2,1,1,1,6,152,18
2015,492,Oklahoma St.,9,64,49,9.8,2,3,0,2,1,1,32,316,49
2015,491,Oregon,8,32,77,6.5,0,1,0,0,2,1,42,258,77
2015,490,Providence,6,64,37,11.8,1,2,1,1,3,3,17,200,37
2015,489,Purdue,9,64,25,13.5,0,2,1,3,2,1,25,184,25
2015,488,Robert Morris,16,64,211,-2,0,2,0,0,0,2,210,341,211
2015,487,San Diego St.,8,32,54,8.8,0,0,0,2,0,1,21,179,54
2015,486,SMU,6,64,33,12.1,0,1,0,2,4,1,17,74,33
2015,485,St. John's,9,64,57,8.4,0,2,2,1,2,3,5,190,57
2015,484,Stephen F. Austin,12,64,51,9.4,0,1,0,1,2,0,36,242,51
2015,483,Texas,11,64,23,14,0,5,1,2,1,0,9,110,23
2015,482,Texas Southern,15,64,215,-2.1,1,2,0,3,0,1,170,333,215
2015,481,UAB,14,32,202,-1.7,0,1,0,0,0,1,161,328,202
2015,480,UC Irvine,13,64,104,4.6,0,1,0,1,0,1,40,142,104
2015,479,UCLA,11,16,85,5.9,0,2,0,1,1,2,35,168,85
2015,478,Utah,5,16,19,15.5,1,1,0,0,1,3,5,116,19
2015,477,Valparaiso,13,64,86,5.9,0,0,0,0,1,0,56,296,86
2015,476,VCU,7,64,43,11.3,0,0,1,1,3,2,14,161,43
2015,475,Villanova,1,32,14,16.9,0,1,3,0,4,1,8,154,14
2015,474,Virginia,2,32,1,25.6,3,1,3,0,2,0,1,14,1
2015,473,West Virginia,5,16,32,12.3,0,5,2,0,0,0,6,152,32
2015,472,Wichita St.,7,16,24,13.9,0,1,0,1,1,0,10,126,24
2015,471,Wisconsin,1,2,3,22.8,1,0,2,1,4,0,3,138,3
2015,470,Wofford,12,64,111,4,0,1,1,1,0,1,29,286,111
2015,469,Wyoming,12,64,178,-0.2,0,0,0,1,1,1,76,202,179
2015,468,Xavier,6,16,31,12.6,1,1,1,2,2,3,15,153,31
2014,467,Albany,16,64,197,-1.1,0,1,0,0,0,2,1,220,197
2014,466,American,15,64,108,5.1,0,1,0,0,0,2,1,195,107
2014,465,Arizona,1,8,3,20.2,2,1,3,1,2,1,1,85,3
2014,464,Arizona St.,10,64,41,11,1,2,0,3,1,2,1,118,41
2014,463,Baylor,6,16,21,13.8,0,2,1,0,1,3,1,169,21
2014,462,BYU,10,64,86,6.9,0,2,1,1,3,1,1,112,86
2014,461,Cal Poly,16,64,203,-1.5,0,3,0,1,1,2,1,237,203
2014,460,Cincinnati,5,64,30,12.8,1,1,1,2,0,1,1,148,30
2014,459,Coastal Carolina,16,64,228,-3.3,0,0,0,1,0,1,1,263,228
2014,458,Colorado,8,64,69,8.1,0,1,1,3,0,2,1,138,69
2014,457,Connecticut,7,1,31,12.8,0,1,1,2,1,0,1,166,31
2014,456,Creighton,3,32,9,18.3,1,0,3,1,1,2,1,100,9
2014,455,Dayton,11,8,72,7.9,1,0,0,1,2,0,1,128,72
2014,454,Delaware,13,64,76,7.5,0,2,0,0,0,1,1,77,76
2014,453,Duke,3,64,13,17,1,1,1,1,1,2,1,169,13
2014,452,Eastern Kentucky,15,64,98,6.1,0,2,0,0,0,1,1,224,98
2014,451,Florida,1,4,6,19.2,0,1,2,1,0,0,1,53,6
2014,450,George Washington,9,64,70,8,0,2,0,0,1,2,1,100,70
2014,449,Gonzaga,8,32,22,13.8,0,0,0,1,2,2,1,152,22
2014,448,Harvard,12,32,35,12.1,0,0,0,1,1,1,1,133,35
2014,447,Iowa,11,68,11,18,1,3,2,1,1,2,1,153,11
2014,446,Iowa St.,3,16,56,9.2,0,3,1,0,2,2,1,128,56
2014,445,Kansas,2,32,18,15.7,2,1,0,1,2,3,1,141,18
2014,444,Kansas St.,9,64,84,7,0,3,0,1,1,2,1,169,84
2014,443,Kentucky,8,2,32,12.5,0,1,0,1,1,1,1,154,32
2014,442,Louisiana Lafayette,14,64,170,0.6,0,2,1,0,0,1,1,205,170
2014,441,Louisville,4,16,1,23.7,0,0,3,2,0,0,1,159,1
2014,440,Manhattan,13,64,71,7.9,0,0,0,0,0,1,1,75,71
2014,439,Massachusetts,6,64,51,10,0,0,0,1,3,1,1,138,51
2014,438,Memphis,8,32,44,10.5,1,0,0,4,0,0,1,118,44
2014,437,Mercer,14,32,105,5.5,0,1,0,0,0,2,1,219,105
2014,436,Michigan,2,8,8,18.4,3,2,2,0,2,2,1,114,8
2014,435,Michigan St.,4,8,2,21.9,1,3,2,0,4,0,1,154,2
2014,434,Milwaukee,15,64,138,3.2,0,1,2,0,1,1,1,296,139
2014,433,Mount St. Mary's,16,68,231,-3.5,0,2,0,0,0,3,1,317,232
2014,432,Nebraska,11,64,78,7.4,1,4,1,2,1,2,1,149,78
2014,431,New Mexico,7,64,19,14.5,1,1,0,0,2,1,1,138,19
2014,430,New Mexico St.,13,64,80,7.2,1,2,1,0,0,0,1,89,80
2014,429,North Carolina,6,32,29,13.3,1,3,1,0,3,0,1,138,29
2014,428,North Carolina Central,14,64,110,4.9,0,1,0,1,1,1,1,140,110
2014,427,North Carolina St.,12,64,57,9.1,1,2,2,2,1,1,1,118,57
2014,426,North Dakota St.,12,32,102,5.6,0,1,0,0,1,1,1,131,102
2014,425,Ohio St.,6,64,14,16.6,2,1,2,1,1,3,1,100,15
2014,424,Oklahoma,5,64,15,16.6,1,1,1,0,2,2,1,169,14
2014,423,Oklahoma St.,9,64,33,12.4,0,3,0,0,0,4,1,134,33
2014,422,Oregon,7,32,17,15.8,0,1,2,1,0,3,1,149,17
2014,421,Pittsburgh,9,32,16,16.2,0,1,1,1,5,0,1,169,16
2014,420,Providence,11,64,68,8.1,0,2,2,1,1,2,1,138,68
2014,419,Saint Joseph's,10,64,45,10.5,0,0,0,0,2,2,1,89,45
2014,418,Saint Louis,5,32,25,13.5,0,1,1,0,3,0,1,76,25
2014,417,San Diego St.,4,16,24,13.5,2,1,0,0,2,0,1,138,24
2014,416,Stanford,10,16,38,11.9,1,1,1,2,1,2,1,114,38
2014,415,Stephen F. Austin,12,32,58,9,0,0,0,0,0,1,1,137,58
2014,414,Syracuse,3,32,7,18.8,1,2,3,0,1,0,1,158,7
2014,413,Tennessee,11,16,27,13.4,0,2,0,1,1,2,1,57,27
2014,412,Texas,7,32,59,9,1,2,1,1,0,3,1,141,59
2014,411,Texas Southern,16,68,280,-6.5,0,0,0,2,0,2,1,309,280
2014,410,Tulsa,13,64,82,7.1,0,2,1,1,0,1,1,165,82
2014,409,UCLA,4,16,34,12.2,1,0,0,2,3,2,1,141,34
2014,408,VCU,5,64,20,13.9,1,1,0,1,1,2,1,53,20
2014,407,Villanova,2,32,5,20,0,2,4,0,3,0,1,141,5
2014,406,Virginia,1,16,12,17.3,1,1,1,2,4,1,1,263,12
2014,405,Weber St.,16,64,198,-1.3,0,0,0,1,0,1,1,262,198
2014,404,Western Michigan,14,64,155,1.6,0,0,0,1,1,1,1,285,156
2014,403,Wichita St.,1,32,10,18.2,1,0,0,0,1,0,1,128,10
2014,402,Wisconsin,2,4,4,20,3,0,3,1,2,2,1,100,4
2014,401,Wofford,15,64,173,0.4,0,2,0,1,0,3,1,327,173
2014,400,Xavier,12,68,52,9.9,0,2,1,2,1,1,1,159,52
2013,399,Akron,12,64,91,6.1,0,1,0,0,2,1,1,296,91
2013,398,Albany,15,64,129,2.9,0,1,1,0,0,1,1,259,130
2013,397,Arizona,6,16,17,14.4,0,0,2,1,1,2,1,120,17
2013,396,Belmont,11,64,38,11.1,0,2,1,0,0,1,1,53,38
2013,395,Boise St.,13,68,53,9.1,1,1,0,4,1,0,1,92,53
2013,394,Bucknell,11,64,42,10.5,0,0,0,1,2,1,1,51,42
2013,393,Butler,6,32,47,10,0,1,0,1,4,2,1,229,47
2013,392,California,12,32,44,10.3,1,1,0,3,3,1,1,93,44
2013,391,Cincinnati,10,64,28,12.3,1,2,0,2,1,1,1,162,28
2013,390,Colorado,10,64,92,6.1,0,2,1,3,2,1,1,250,92
2013,389,Colorado St.,8,32,29,12.3,0,0,1,3,2,2,1,98,29
2013,388,Creighton,7,32,15,14.6,0,1,1,1,1,1,1,142,15
2013,387,Davidson,14,64,80,6.8,0,0,0,1,1,0,1,129,80
2013,386,Duke,2,8,12,15.5,0,1,1,2,1,1,1,184,12
2013,385,Florida,3,8,3,22.2,0,1,0,1,3,2,1,133,3
2013,384,Florida Gulf Coast,15,16,186,-0.4,0,2,0,0,0,2,1,310,186
2013,383,Georgetown,2,64,6,18.2,1,2,3,0,2,0,1,166,6
2013,382,Gonzaga,1,32,5,18.6,2,0,0,1,3,0,1,133,5
2013,381,Harvard,14,32,89,6.2,0,2,1,1,1,2,1,126,89
2013,380,Illinois,7,32,21,13.7,1,4,1,0,1,2,1,100,22
2013,379,Indiana,1,16,1,24,3,1,0,1,3,0,1,162,1
2013,378,Iona,15,64,105,5.1,0,0,0,0,1,2,1,221,105
2013,377,Iowa St.,10,32,56,9,1,2,0,2,0,2,1,104,56
2013,376,James Madison,16,64,259,-5.9,0,0,0,1,0,1,1,305,259
2013,375,Kansas,1,16,23,13.5,2,1,1,0,1,1,1,159,23
2013,374,Kansas St.,4,64,27,12.4,1,2,0,0,1,1,1,142,27
2013,373,La Salle,13,16,60,8.8,1,2,0,2,1,1,1,92,60
2013,372,Liberty,16,68,262,-6.2,0,1,0,0,0,0,1,344,262
2013,371,LIU Brooklyn,16,68,199,-1.2,0,0,0,0,0,2,1,285,199
2013,370,Louisville,1,1,2,23.8,2,2,1,1,2,0,1,129,2
2013,369,Marquette,3,8,22,13.7,1,4,0,1,2,0,1,264,21
2013,368,Memphis,6,32,11,15.6,0,0,0,0,3,1,1,166,11
2013,367,Miami FL,2,16,18,14.4,0,1,2,0,3,0,1,277,18
2013,366,Michigan,4,2,8,16.7,1,4,1,0,2,0,1,120,8
2013,365,Michigan St.,3,16,10,15.9,1,4,0,1,2,0,1,104,10
2013,364,Middle Tennessee,11,68,70,7.4,0,0,0,1,1,1,1,83,70
2013,363,Minnesota,11,32,48,9.7,1,4,0,0,0,3,1,104,48
2013,362,Mississippi,12,32,43,10.3,0,1,0,1,3,2,1,142,43
2013,361,Missouri,9,64,32,11.9,0,1,0,2,0,4,1,162,32
2013,360,Montana,13,64,146,2,0,0,0,1,0,3,1,206,146
2013,359,New Mexico,3,64,26,12.9,0,0,3,3,2,0,1,120,26
2013,358,New Mexico St.,13,64,120,3.4,0,0,0,1,0,3,1,181,120
2013,357,North Carolina,8,32,30,12.2,0,3,0,2,3,0,1,75,30
2013,356,North Carolina A&T,16,64,266,-6.6,0,0,0,1,0,1,1,337,266
2013,355,North Carolina St.,8,64,40,10.6,0,2,0,2,2,1,1,104,39
2013,354,Northwestern St.,14,64,140,2.2,0,0,0,0,0,4,1,190,140
2013,353,Notre Dame,7,64,37,11.3,1,3,1,0,0,2,1,167,37
2013,352,Ohio St.,2,8,13,15.2,1,5,0,0,2,0,1,104,13
2013,351,Oklahoma,10,64,57,9,1,2,0,1,0,1,1,65,57
2013,350,Oklahoma St.,5,64,19,14,1,1,0,1,0,2,1,199,19
2013,349,Oregon,12,16,61,8.7,0,0,3,2,1,1,1,101,61
2013,348,Pacific,15,64,176,0,0,2,0,0,0,0,1,221,176
2013,347,Pittsburgh,8,64,4,21.4,2,2,1,0,2,1,1,166,4
2013,346,Saint Louis,4,32,35,11.5,0,1,1,1,0,1,1,120,35
2013,345,Saint Mary's,11,64,7,17.4,0,1,0,0,4,1,1,59,7
2013,344,San Diego St.,7,32,41,10.6,0,0,0,3,0,2,1,80,41
2013,343,South Dakota St.,13,64,133,2.8,0,0,1,3,0,1,1,205,133
2013,342,Southern,16,64,162,0.8,0,0,0,0,1,2,1,311,162
2013,341,Syracuse,4,4,20,14,1,4,0,1,1,0,1,117,20
2013,340,Temple,9,32,16,14.6,1,1,0,1,2,2,1,47,16
2013,339,UCLA,6,64,33,11.9,1,0,2,2,1,0,1,171,33
2013,338,UNLV,5,64,36,11.3,0,0,2,3,1,1,1,129,36
2013,337,Valparaiso,14,64,64,8.4,0,0,0,2,2,0,1,108,64
2013,336,VCU,5,32,9,15.9,0,1,0,1,1,0,1,80,9
2013,335,Villanova,9,64,24,13.5,0,2,1,2,1,2,1,104,24
2013,334,Western Kentucky,16,64,194,-0.8,0,1,0,0,0,2,1,208,194
2013,333,Wichita St.,9,4,45,10,1,1,0,0,1,2,1,61,45
2013,332,Wisconsin,5,64,14,14.8,2,4,0,1,1,1,1,92,14
2012,331,Alabama,9,64,27,16.4,0,1,0,0,1,2,1,210,26
2012,330,Baylor,3,8,11,19.9,1,3,1,0,3,0,1,210,11
2012,329,Belmont,14,64,19,18,0,2,0,1,0,1,1,76,19
2012,328,BYU,14,64,54,12.9,0,0,0,1,2,1,1,244,54
2012,327,California,12,68,39,15,0,0,1,1,2,2,1,210,39
2012,326,Cincinnati,6,16,29,15.9,0,1,2,0,2,4,1,188,29
2012,325,Colorado,11,32,105,8.3,0,0,0,3,0,2,1,167,105
2012,324,Colorado St.,11,64,144,5.5,0,2,0,1,0,4,1,170,144
2012,323,Connecticut,9,64,65,11.6,0,2,0,1,3,4,1,224,65
2012,322,Creighton,8,32,25,16.6,1,0,2,0,1,2,1,127,25
2012,321,Davidson,13,64,83,9.9,1,1,0,0,0,1,1,145,83
2012,320,Detroit,15,64,101,8.6,0,0,0,2,0,2,1,239,101
2012,319,Duke,2,64,10,21.3,1,1,1,1,3,0,1,185,10
2012,318,Florida,7,8,21,17.3,0,4,1,0,0,2,1,105,21
2012,317,Florida St.,3,32,49,14.2,3,2,0,1,1,1,1,187,49
2012,316,Georgetown,3,32,33,15.4,1,2,1,1,1,2,1,187,33
2012,315,Gonzaga,7,32,78,10.3,0,0,0,1,2,2,1,192,78
2012,314,Harvard,12,64,50,14.1,0,0,0,0,1,2,1,105,50
2012,313,Indiana,4,16,13,19,1,4,2,0,0,1,1,127,13
2012,312,Iona,14,68,48,14.2,0,0,0,0,3,1,1,188,48
2012,311,Iowa St.,8,32,22,17.2,1,4,0,1,0,0,1,254,22
2012,310,Kansas,2,2,2,25,2,2,1,0,0,0,1,223,2
2012,309,Kansas St.,8,32,16,18.8,2,2,0,1,1,0,1,210,16
2012,308,Kentucky,1,1,1,29.1,2,1,0,0,2,0,1,216,1
2012,307,Lamar,16,68,109,8,0,3,0,0,0,1,1,143,109
2012,306,Lehigh,15,32,85,9.7,0,2,0,0,3,0,1,107,85
2012,305,LIU Brooklyn,16,64,185,2.8,0,0,0,1,1,1,1,312,185
2012,304,Long Beach St.,12,64,41,14.9,0,4,1,1,0,0,1,127,41
2012,303,Louisville,4,4,24,17.1,0,3,1,1,2,1,1,152,23
2012,302,Loyola MD,15,64,128,7,0,1,0,1,3,1,1,277,128
2012,301,Marquette,3,16,20,17.8,1,1,0,2,4,1,1,192,20
2012,300,Memphis,8,64,8,21.8,0,1,1,1,2,1,1,210,8
2012,299,Michigan,4,64,23,17.1,0,4,1,0,2,1,1,185,24
2012,298,Michigan St.,1,16,6,23.4,2,2,2,0,1,2,1,182,6
2012,297,Mississippi Valley St.,16,68,233,-0.7,0,4,0,0,0,2,1,282,233
2012,296,Missouri,2,64,14,19,2,2,1,0,1,0,1,227,14
2012,295,Montana,13,64,106,8.2,0,0,0,0,0,0,1,244,106
2012,294,Murray St.,6,32,45,14.4,1,0,0,0,0,0,1,97,45
2012,293,New Mexico,5,32,18,18,0,0,1,0,3,1,1,145,18
2012,292,New Mexico St.,13,64,68,11.4,1,0,0,1,0,1,1,76,68
2012,291,Norfolk St.,15,32,216,0.6,0,1,0,0,0,1,1,286,217
2012,290,North Carolina,1,8,5,23.7,3,1,1,1,1,0,1,69,5
2012,289,North Carolina St.,11,16,15,18.9,0,2,1,0,2,2,1,210,15
2012,288,Notre Dame,7,64,56,12.3,1,0,0,2,4,2,1,241,56
2012,287,Ohio,13,16,61,11.9,0,1,0,0,3,2,1,171,61
2012,286,Ohio St.,2,4,4,24.5,2,3,1,0,2,1,1,216,4
2012,285,Purdue,10,32,26,16.4,1,3,1,0,3,1,1,192,27
2012,284,Saint Louis,9,32,42,14.9,0,1,0,0,3,3,1,106,42
2012,283,Saint Mary's,7,64,38,15.1,0,0,0,1,2,2,1,167,38
2012,282,San Diego St.,6,64,32,15.5,1,1,1,0,1,1,1,105,32
2012,281,South Dakota St.,14,64,124,7.1,0,0,0,1,1,1,1,168,124
2012,280,South Florida,12,32,67,11.4,1,3,1,2,2,2,1,326,67
2012,279,Southern Miss,9,64,52,13.4,0,1,0,0,0,2,1,134,52
2012,278,St. Bonaventure,14,64,89,9.4,0,0,0,2,1,5,1,145,89
2012,277,Syracuse,1,8,3,24.6,2,0,1,0,4,1,1,223,3
2012,276,Temple,5,64,28,16.2,0,0,1,1,2,1,1,105,28
2012,275,Texas,11,64,44,14.8,0,6,0,0,1,0,1,192,43
2012,274,UNC Asheville,16,64,143,5.6,0,1,0,0,0,2,1,168,143
2012,273,UNLV,6,64,62,11.8,0,3,0,1,0,1,1,187,62
2012,272,Vanderbilt,5,32,9,21.5,1,3,1,0,1,1,1,188,9
2012,271,VCU,12,32,36,15.3,0,0,0,1,2,1,1,167,36
2012,270,Vermont,16,64,142,5.9,0,0,0,1,1,1,1,155,142
2012,269,Virginia,10,64,17,18,1,2,1,1,2,1,1,223,17
2012,268,West Virginia,10,64,58,12.1,0,1,1,0,3,4,1,192,58
2012,267,Western Kentucky,16,64,184,2.8,0,1,0,1,0,1,1,234,184
2012,266,Wichita St.,5,64,7,22.3,1,0,1,0,3,0,1,210,7
2012,265,Wisconsin,4,16,12,19.9,1,3,2,0,1,1,1,187,12
2012,264,Xavier,10,16,69,11.3,1,1,0,2,0,3,1,182,69
2011,263,Akron,15,64,179,8.2,0,0,0,2,0,1,1,200,178
2011,262,Alabama St.,16,68,322,-4.7,0,0,0,0,0,1,1,333,322
2011,261,Arizona,5,8,27,22.5,0,1,0,1,5,1,1,231,27
2011,260,Belmont,13,64,31,21.8,0,1,0,2,0,0,1,110,31
2011,259,Boston University,16,64,247,3.1,0,1,0,1,0,1,1,273,247
2011,258,Bucknell,14,64,113,12.7,0,1,1,2,0,1,1,187,113
2011,257,Butler,8,2,58,18.3,0,2,0,0,1,0,1,117,58
2011,256,BYU,3,16,1,31.8,2,0,0,0,3,1,1,231,1
2011,255,Cincinnati,6,32,17,24,0,2,2,2,1,0,1,257,17
2011,254,Clemson,12,64,46,19.8,0,3,0,1,2,1,1,265,46
2011,253,Connecticut,3,1,22,23.3,2,2,2,2,0,1,1,300,22
2011,252,Duke,1,16,6,29.5,1,1,1,1,2,2,1,205,6
2011,251,Florida,2,8,13,24.4,2,1,2,0,1,1,1,216,13
2011,250,Florida St.,10,16,56,18.4,0,2,0,2,1,0,1,80,56
2011,249,George Mason,8,32,23,23.1,0,0,0,0,3,2,1,278,23
2011,248,Georgetown,6,64,26,23,1,2,2,2,2,1,1,35,26
2011,247,Georgia,10,64,35,21,0,3,1,0,1,1,1,168,35
2011,246,Gonzaga,11,32,54,18.7,0,0,1,1,1,1,1,270,54
2011,245,Hampton,16,64,186,7.6,0,0,0,0,1,0,1,192,186
2011,244,Illinois,9,32,21,23.3,0,3,1,1,1,2,1,205,21
2011,243,Indiana St.,14,64,162,9.3,0,0,0,2,0,1,1,226,162
2011,242,Kansas,1,8,4,30.2,0,0,1,1,4,0,1,292,4
2011,241,Kansas St.,5,32,47,19.8,1,1,0,1,2,1,1,256,47
2011,240,Kentucky,4,4,11,26.1,1,3,1,1,1,2,1,155,10
2011,239,Little Rock,16,68,256,2.3,0,0,0,0,0,2,1,282,256
2011,238,LIU Brooklyn,15,64,109,12.9,0,0,0,0,0,1,1,123,109
2011,237,Louisville,4,64,20,23.5,1,1,0,4,1,0,1,292,20
2011,236,Marquette,11,16,32,21.5,1,3,0,4,1,0,1,205,32
2011,235,Memphis,12,64,138,10.4,0,0,1,1,2,3,1,302,138
2011,234,Michigan,8,32,39,20.5,0,3,3,0,1,1,1,221,39
2011,233,Michigan St.,10,64,61,17.8,0,5,1,2,1,0,1,231,61
2011,232,Missouri,11,64,67,17.2,0,2,0,2,1,1,1,251,67
2011,231,Morehead St.,13,32,106,13.1,0,2,0,0,0,0,1,151,106
2011,230,North Carolina,2,8,12,26,1,2,2,0,2,0,1,221,12
2011,229,Northern Colorado,15,64,161,9.4,0,1,0,1,0,1,1,188,161
2011,228,Notre Dame,2,32,34,21.4,2,1,0,2,0,1,1,302,34
2011,227,Oakland,13,64,68,17,0,3,1,2,1,0,1,102,68
2011,226,Ohio St.,1,16,2,31.1,2,2,3,0,2,0,1,110,2
2011,225,Old Dominion,9,64,74,16.3,0,1,0,0,2,1,1,257,73
2011,224,Penn St.,10,64,43,20.1,0,4,1,2,1,2,1,213,43
2011,223,Pittsburgh,1,32,9,28.9,0,1,3,0,1,1,1,302,9
2011,222,Princeton,13,64,86,14.7,0,1,0,0,0,2,1,147,86
2011,221,Purdue,3,32,8,29,1,2,3,2,1,0,1,231,8
2011,220,Richmond,12,16,44,20,0,0,1,1,2,2,1,151,44
2011,219,Saint Peter's,14,64,187,7.5,0,0,0,1,1,3,1,328,187
2011,218,San Diego St.,2,16,7,29.3,1,1,0,0,7,0,1,66,7
2011,217,St. John's,6,64,59,18.2,1,1,3,5,0,0,1,92,59
2011,216,Syracuse,3,32,5,29.9,1,2,3,1,1,0,1,302,5
2011,215,Temple,7,32,38,20.6,1,2,0,1,2,1,1,231,38
2011,214,Tennessee,9,64,30,22,1,3,1,0,1,0,1,286,30
2011,213,Texas,4,32,3,30.9,1,0,1,0,2,2,1,265,3
2011,212,Texas A&M,7,64,42,20.1,0,2,0,0,0,2,1,91,42
2011,211,UAB,12,68,48,19.5,0,1,0,1,2,0,1,133,48
2011,210,UC Santa Barbara,15,64,122,11.7,1,1,0,0,0,3,1,140,122
2011,209,UCLA,7,32,37,20.9,0,2,0,1,3,2,1,251,37
2011,208,UNC Asheville,16,64,95,13.8,0,2,2,1,0,0,1,180,94
2011,207,UNLV,8,64,10,26.1,0,3,0,0,4,0,1,231,11
2011,206,USC,11,68,52,18.8,1,1,1,2,2,3,1,205,52
2011,205,Utah St.,12,64,16,24,0,1,1,1,1,0,1,133,16
2011,204,UTSA,16,64,213,5.9,0,0,0,0,0,0,1,235,214
2011,203,Vanderbilt,5,64,18,23.9,0,2,1,1,1,1,1,270,18
2011,202,VCU,11,4,77,15.7,0,0,1,2,2,0,1,231,77
2011,201,Villanova,9,64,36,20.9,1,2,1,1,0,1,1,270,36
2011,200,Washington,7,32,24,23,0,0,1,2,2,3,1,278,25
2011,199,West Virginia,5,32,28,22.2,1,3,1,2,2,1,1,257,28
2011,198,Wisconsin,4,16,14,24.3,0,4,2,1,1,1,1,168,14
2011,197,Wofford,14,64,78,15.4,0,1,0,2,0,2,1,143,78
2011,196,Xavier,6,64,25,23,0,1,2,0,3,1,1,285,24
2010,195,Arkansas Pine Bluff,16,64,230,4.3,0,3,0,2,0,2,1,328,230
2010,194,Baylor,3,8,14,24.8,0,1,2,1,1,1,1,242,14
2010,193,Butler,5,2,26,22,0,0,0,0,2,1,1,124,26
2010,192,BYU,7,32,4,28,1,1,0,1,2,1,1,155,4
2010,191,California,8,32,27,21.8,0,1,1,1,2,4,1,230,27
2010,190,Clemson,7,64,20,23,1,2,1,4,0,0,1,102,20
2010,189,Cornell,12,16,57,17.9,0,2,0,0,1,0,1,69,57
2010,188,Duke,1,1,10,25.8,1,3,1,2,3,0,1,230,10
2010,187,East Tennessee St.,16,64,148,9.5,0,0,0,1,0,3,1,170,149
2010,186,Florida,10,64,29,21.7,1,2,1,0,1,2,1,245,28
2010,185,Florida St.,9,64,9,25.9,0,4,2,1,3,0,1,166,9
2010,184,Georgetown,3,64,19,23.1,1,4,1,0,1,0,1,35,19
2010,183,Georgia Tech,10,32,32,20.9,0,4,0,1,1,2,1,279,32
2010,182,Gonzaga,8,32,40,20.3,0,1,1,0,1,0,1,102,40
2010,181,Houston,13,64,103,13,0,1,0,0,0,4,1,166,103
2010,180,Kansas,1,32,1,33.5,2,0,3,0,2,2,1,250,1
2010,179,Kansas St.,2,8,2,29.7,2,2,0,0,1,0,1,268,2
2010,178,Kentucky,1,8,6,26.9,1,0,1,0,2,2,1,268,6
2010,177,Lehigh,16,64,209,5.8,0,0,0,0,0,2,1,296,209
2010,176,Louisville,9,64,30,21.3,1,5,1,2,1,0,1,198,30
2010,175,Marquette,6,64,22,22.6,0,4,3,0,2,0,1,268,22
2010,174,Maryland,4,32,7,26.8,1,2,3,1,1,0,1,220,7
2010,173,Michigan St.,5,4,13,24.9,1,1,1,2,3,1,1,220,13
2010,172,Minnesota,11,64,90,14.3,0,3,2,0,0,3,1,230,91
2010,171,Missouri,10,32,24,22.5,0,4,0,0,1,0,1,230,24
2010,170,Montana,14,64,95,13.3,0,0,0,0,1,2,1,142,95
2010,169,Morgan St.,15,64,136,10.8,0,1,0,2,0,1,1,161,135
2010,168,Murray St.,13,32,34,20.8,0,0,0,1,0,1,1,91,34
2010,167,New Mexico,3,32,31,21,2,0,0,0,0,1,1,102,31
2010,166,New Mexico St.,12,64,160,8.8,1,0,0,2,1,2,1,323,160
2010,165,North Texas,15,64,140,10.2,0,0,0,1,0,1,1,182,139
2010,164,Northern Iowa,9,16,51,18.8,0,0,0,0,3,1,1,51,51
2010,163,Notre Dame,6,64,39,20.4,2,1,0,3,1,1,1,293,39
2010,162,Oakland,14,64,128,11.2,0,4,0,0,0,2,1,145,128
2010,161,Ohio,14,32,138,10.3,0,1,0,0,1,3,1,198,138
2010,160,Ohio St.,2,16,18,23.5,2,2,2,1,0,2,1,268,17
2010,159,Oklahoma St.,7,64,73,16,1,2,0,2,1,1,1,230,73
2010,158,Old Dominion,11,32,50,18.8,1,0,0,1,1,3,1,142,50
2010,157,Pittsburgh,3,32,21,22.8,2,1,2,2,1,1,1,293,21
2010,156,Purdue,4,16,12,25.1,2,1,2,0,2,1,1,268,12
2010,155,Richmond,7,64,58,17.7,0,0,0,2,1,2,1,147,58
2010,154,Robert Morris,15,64,185,6.7,0,2,0,1,0,0,1,344,185
2010,153,Saint Mary's,10,16,36,20.7,0,0,0,1,1,0,1,216,36
2010,152,Sam Houston St.,14,64,99,13.1,0,1,0,0,1,0,1,185,99
2010,151,San Diego St.,11,64,64,17.3,0,2,0,3,0,1,1,117,64
2010,150,Siena,13,64,55,18.2,0,0,0,3,0,1,1,79,55
2010,149,Syracuse,1,16,3,28.1,2,0,2,1,2,0,1,292,3
2010,148,Temple,5,64,37,20.6,0,1,1,0,1,1,1,47,37
2010,147,Tennessee,6,8,56,18,0,2,0,1,4,1,1,314,56
2010,146,Texas,8,64,41,20.2,0,3,0,2,2,0,1,212,41
2010,145,Texas A&M,5,32,25,22.5,1,2,0,1,2,2,1,97,25
2010,144,UC Santa Barbara,15,64,167,8.3,0,0,0,2,1,0,1,225,167
2010,143,UNLV,8,64,16,23.6,0,1,1,0,1,1,1,230,16
2010,142,Utah St.,12,64,59,17.7,0,0,0,1,1,0,1,127,59
2010,141,UTEP,12,64,8,26.2,0,0,0,0,6,0,1,220,8
2010,140,Vanderbilt,4,64,17,23.5,1,1,2,1,3,0,1,155,18
2010,139,Vermont,16,64,169,8,0,0,0,0,0,1,1,304,169
2010,138,Villanova,2,32,15,24.5,2,3,2,1,1,0,1,261,15
2010,137,Wake Forest,9,32,35,20.7,0,3,1,3,2,1,1,66,35
2010,136,Washington,11,16,76,15.9,0,0,0,2,1,3,1,242,75
2010,135,West Virginia,2,4,11,25.2,1,2,2,2,2,0,1,283,11
2010,134,Winthrop,16,68,205,5.9,0,1,0,1,0,1,1,313,205
2010,133,Wisconsin,4,32,5,27,0,3,2,0,2,1,1,261,5
2010,132,Wofford,13,64,66,16.8,0,2,0,1,0,0,1,94,66
2010,131,Xavier,6,16,42,20.1,0,1,1,3,0,1,1,257,42
2009,130,Akron,13,64,80,14.4,0,1,0,1,1,1,1,147,80
2009,129,Alabama St.,16,68,167,6.9,0,0,0,1,0,3,1,224,167
2009,128,American,14,64,140,9.3,0,2,0,0,1,1,1,316,140
2009,127,Arizona,12,16,84,13.9,0,3,0,5,0,1,1,248,84
2009,126,Arizona St.,6,32,10,24.9,1,1,0,3,3,0,1,102,10
2009,125,Binghamton,15,64,169,6.8,0,0,0,0,1,0,1,323,169
2009,124,Boston College,7,64,33,19,1,1,0,2,3,1,1,156,33
2009,123,Butler,9,64,20,21.7,1,0,1,0,1,1,1,44,20
2009,122,BYU,8,64,7,26.1,0,0,0,1,2,2,1,102,7
2009,121,Cal St. Northridge,15,64,147,9,0,1,0,0,0,4,1,228,147
2009,120,California,7,64,28,19.3,1,2,2,2,2,1,1,198,28
2009,119,Chattanooga,16,64,219,4.1,0,0,0,3,1,1,1,318,219
2009,118,Clemson,7,64,17,22.4,0,2,4,1,2,1,1,156,17
2009,117,Cleveland St.,13,32,81,14.3,1,3,0,0,0,0,1,145,81
2009,116,Connecticut,1,4,2,29.7,3,1,0,0,2,0,1,242,2
2009,115,Cornell,14,64,142,9.2,0,1,0,0,0,2,1,295,142
2009,114,Dayton,11,32,119,10.7,0,1,0,2,3,0,1,249,118
2009,113,Duke,2,16,14,23.5,0,3,2,1,3,1,1,223,14
2009,112,East Tennessee St.,16,64,130,9.9,0,0,0,0,0,1,1,181,129
2009,111,Florida St.,5,64,37,18.6,1,2,1,2,4,1,1,108,37
2009,110,Gonzaga,4,16,12,24.5,0,0,2,0,1,2,1,259,12
2009,109,Illinois,5,64,47,17.4,0,1,1,1,3,2,1,137,47
2009,108,Kansas,3,16,16,22.6,1,1,0,1,3,1,1,275,16
2009,107,Louisville,1,8,6,26.5,4,0,0,0,0,1,1,288,6
2009,106,LSU,8,32,25,19.9,1,0,1,1,1,2,1,328,25
2009,105,Marquette,6,32,24,20.2,1,3,1,1,2,0,1,265,24
2009,104,Maryland,10,32,95,12.8,0,3,1,2,1,1,1,294,95
2009,103,Memphis,2,16,3,28.1,1,1,3,0,2,0,1,261,3
2009,102,Michigan,10,32,91,13.2,0,1,0,3,1,3,1,230,91
2009,101,Michigan St.,2,2,8,25.7,0,0,2,1,4,0,1,119,8
2009,100,Minnesota,10,64,98,12.6,0,1,1,1,0,4,1,156,98
2009,99,Mississippi St.,13,64,67,15.2,1,0,0,3,0,1,1,187,66
2009,98,Missouri,3,8,46,17.4,0,1,2,1,0,2,1,286,46
2009,97,Morehead St.,16,64,196,5.4,0,1,0,0,0,3,1,324,196
2009,96,Morgan St.,15,64,115,10.9,0,1,0,0,1,2,1,148,115
2009,95,North Carolina,1,1,1,33.8,2,1,3,0,3,1,1,147,1
2009,94,North Dakota St.,14,64,54,16.2,0,0,0,1,1,0,1,286,54
2009,93,Northern Iowa,12,64,71,14.9,0,0,1,0,1,1,1,225,70
2009,92,Ohio St.,8,64,52,16.3,0,1,1,3,1,1,1,223,52
2009,91,Oklahoma,2,8,5,26.5,0,0,2,2,3,0,1,251,5
2009,90,Oklahoma St.,8,32,38,18.6,0,3,0,2,1,1,1,242,38
2009,89,Pittsburgh,1,8,4,27.7,3,2,1,0,1,1,1,270,4
2009,88,Portland St.,13,64,123,10.4,1,1,0,0,0,1,1,127,123
2009,87,Purdue,5,16,30,19.1,0,1,1,1,1,3,1,257,30
2009,86,Radford,16,64,121,10.5,0,2,0,0,0,1,1,229,121
2009,85,Robert Morris,15,64,126,10.3,0,2,0,1,0,0,1,317,126
2009,84,Siena,9,32,72,14.9,0,2,0,0,1,1,1,230,72
2009,83,Stephen F. Austin,14,64,103,11.7,0,0,0,1,0,0,1,219,103
2009,82,Syracuse,3,16,15,23.4,2,3,0,0,0,1,1,268,15
2009,81,Temple,11,64,59,15.8,0,3,0,1,4,0,1,91,59
2009,80,Tennessee,9,64,41,18.2,0,2,2,1,1,1,1,147,40
2009,79,Texas,7,32,35,18.8,0,2,1,2,1,1,1,275,35
2009,78,Texas A&M,9,32,45,17.8,0,2,0,2,2,1,1,261,45
2009,77,UCLA,6,32,18,22.3,0,2,3,1,1,1,1,242,18
2009,76,USC,10,32,40,18.2,0,4,1,1,0,2,1,242,41
2009,75,Utah,5,64,53,16.3,0,2,0,1,0,3,1,198,53
2009,74,Utah St.,11,64,58,15.9,0,0,0,0,0,2,1,86,58
2009,73,VCU,11,64,74,14.8,0,0,0,1,1,2,1,156,74
2009,72,Villanova,3,4,19,22.3,1,3,0,0,4,0,1,223,19
2009,71,Wake Forest,4,64,11,24.8,2,1,1,2,3,1,1,268,11
2009,70,Washington,4,32,13,24.1,1,2,2,1,1,1,1,171,13
2009,69,West Virginia,6,64,9,25.4,1,4,0,0,3,0,1,230,9
2009,68,Western Kentucky,12,32,155,8.5,0,0,0,0,0,3,1,249,155
2009,67,Wisconsin,12,32,26,19.9,0,2,0,2,3,1,1,220,26
2009,66,Xavier,4,16,23,20.5,0,0,2,0,2,2,1,261,23
2008,65,American,15,64,108,11.7,0,1,1,0,0,0,40,138,108
2008,64,Arizona,10,64,11,24.6,3,4,1,3,1,0,6,198,11
2008,63,Arkansas,9,32,68,14.9,0,2,0,1,1,4,40,265,68
2008,62,Austin Peay,15,64,150,8,0,1,0,0,0,1,40,183,150
2008,61,Baylor,11,64,18,22.5,0,2,0,1,3,1,5,267,18
2008,60,Belmont,15,64,144,8.6,0,0,0,1,2,0,3,187,144
2008,59,Boise St.,14,64,70,14.6,0,0,0,0,0,0,40,143,70
2008,58,Butler,7,32,41,17.3,0,0,0,0,0,1,4,61,41
2008,57,BYU,8,64,42,17.3,0,0,0,0,2,4,1,65,42
2008,56,Cal St. Fullerton,14,64,62,15.3,0,1,0,1,0,1,26,146,62
2008,55,Clemson,5,64,14,23.7,1,2,1,3,2,0,3,114,14
2008,54,Connecticut,4,64,23,21,0,1,2,2,2,1,16,274,23
2008,53,Coppin St.,16,68,306,-3.8,0,1,0,4,0,2,40,331,306
2008,52,Cornell,14,64,116,11.1,0,1,0,1,0,0,40,260,116
2008,51,Davidson,10,8,24,20.8,0,0,0,0,1,1,23,169,24
2008,50,Drake,5,64,25,20.8,0,0,1,1,3,0,9,46,25
2008,49,Duke,2,32,6,27.6,1,0,3,1,2,0,1,284,6
2008,48,George Mason,12,64,130,9.8,0,0,0,0,0,1,40,251,130
2008,47,Georgetown,2,32,10,25.1,2,2,0,2,4,0,10,169,10
2008,46,Georgia,14,64,75,14.2,1,4,0,0,1,4,35,188,75
2008,45,Gonzaga,7,64,20,22,0,1,1,2,1,1,8,217,20
2008,44,Indiana,8,64,29,19.2,0,1,2,0,1,1,2,219,29
2008,43,Kansas,1,1,3,29.4,1,1,1,1,4,1,1,234,3
2008,42,Kansas St.,11,32,43,17.2,0,2,1,2,0,2,30,242,43
2008,41,Kent St.,9,64,64,15.1,0,1,1,0,2,0,30,107,64
2008,40,Kentucky,11,64,87,13.2,0,2,0,2,3,2,40,251,87
2008,39,Louisville,3,8,4,28.8,1,2,1,0,4,1,1,169,4
2008,38,Marquette,6,32,22,21.1,1,3,1,2,3,0,8,169,22
2008,37,Memphis,1,2,5,28.2,0,0,1,0,2,0,1,267,5
2008,36,Miami FL,7,32,34,18,1,2,1,1,1,1,20,251,34
2008,35,Michigan St.,5,16,52,16.5,0,2,1,2,2,0,29,242,52
2008,34,Mississippi St.,8,32,15,23.3,0,0,0,1,4,3,9,265,15
2008,33,Mississippi Valley St.,16,64,311,-4.5,0,2,0,1,0,2,40,334,311
2008,32,Mount St. Mary's,16,64,149,8.2,0,0,0,2,0,0,40,290,149
2008,31,North Carolina,1,4,1,30.2,2,0,4,0,3,0,1,205,1
2008,30,Notre Dame,5,32,26,19.9,0,4,1,0,2,0,25,285,26
2008,29,Oklahoma,6,32,45,16.9,1,3,0,0,1,2,14,217,45
2008,28,Oral Roberts,13,64,57,16,0,1,0,0,1,3,37,99,57
2008,27,Oregon,9,64,27,19.3,2,4,1,3,0,0,3,146,27
2008,26,Pittsburgh,4,32,36,17.9,0,3,2,2,2,1,6,248,36
2008,25,Portland St.,16,64,73,14.4,0,2,0,1,0,1,28,170,73
2008,24,Purdue,6,32,12,24.2,1,1,1,2,0,2,12,198,12
2008,23,Saint Joseph's,11,64,32,18.4,0,0,2,2,1,3,22,83,32
2008,22,Saint Mary's,10,64,40,17.4,0,2,0,0,0,2,30,259,40
2008,21,San Diego,13,32,98,12.2,0,1,0,1,1,2,12,137,98
2008,20,Siena,13,32,107,11.7,0,1,0,1,1,0,82,318,107
2008,19,South Alabama,10,64,37,17.9,0,0,0,0,1,2,9,83,37
2008,18,Stanford,3,16,19,22.2,3,2,1,2,0,0,6,114,19
2008,17,Temple,12,64,46,16.8,0,1,1,0,0,2,23,112,46
2008,16,Tennessee,2,16,9,25.4,2,0,1,0,4,2,1,242,9
2008,15,Texas,2,8,17,22.9,2,0,2,0,1,3,4,234,17
2008,14,Texas A&M,9,32,59,15.7,1,2,0,2,2,0,33,234,59
2008,13,UCLA,1,4,2,30.1,5,0,2,1,0,0,1,274,2
2008,12,UMBC,15,64,102,11.8,0,1,0,1,0,0,40,144,102
2008,11,UNLV,8,32,85,13.3,0,0,0,1,2,3,9,146,85
2008,10,USC,6,64,13,24.1,2,3,2,1,1,0,5,114,13
2008,9,UT Arlington,16,64,169,6.7,0,0,0,0,1,1,4,177,169
2008,8,Vanderbilt,4,64,79,13.8,0,1,0,0,3,5,10,112,79
2008,7,Villanova,12,16,50,16.7,0,2,2,2,2,2,13,259,50
2008,6,Washington St.,4,16,8,26.8,4,3,3,0,1,0,6,83,8
2008,5,West Virginia,7,16,16,22.9,0,2,0,3,4,0,1,248,16
2008,4,Western Kentucky,12,16,53,16.5,0,0,0,1,0,0,40,188,53
2008,3,Winthrop,13,64,72,14.5,0,1,1,0,0,1,26,205,72
2008,2,Wisconsin,3,16,7,27.2,1,2,3,0,1,0,5,198,7
2008,1,Xavier,3,8,39,17.7,0,0,1,3,3,1,20,151,39