YEAR,TEAM NO,TEAM,SEED,ROUND,NET,KPI,SOR,WAB RANK,RESUME AVG,RESUME AVG RANK,BPI,KP,SAG,TRK,QUALITY AVG,QUALITY AVG RANK,Q1A W,Q1A L,Q1 W,Q1 L,Q2 W,Q2 L,Q1&2 W,Q1&2 L,Q3 W,Q3 L,Q4 W,Q4 L
2026,1215,Akron,12,0,54,63,52,53,56,57,77,64,,71,70.7,69,0,1,0,2,0,2,0,4,11,1,16,0
2026,1214,Alabama,4,0,18,12,15,14,13.7,14,15,17,,18,16.7,18,4,6,7,7,9,2,16,9,5,0,2,0
2026,1213,Arizona,1,0,3,3,1,3,2.3,3,3,3,,3,3,3,9,1,16,2,8,0,24,2,1,0,7,0
2026,1212,Arkansas,4,0,17,19,10,15,14.7,15,19,18,,20,19,20,3,7,8,8,8,0,16,8,4,0,6,0
2026,1211,BYU,6,0,23,22,24,22,22.7,22,18,23,,33,24.7,23,2,7,7,10,8,1,15,11,3,0,5,0
2026,1210,Cal Baptist,13,0,98,83,86,76,81.7,81,137,106,,96,113,111,0,1,0,1,2,4,2,5,6,3,17,0
2026,1209,Clemson,8,0,34,31,32,29,30.7,30,29,36,,30,31.7,31,1,5,6,6,7,4,13,10,4,0,7,0
2026,1208,Connecticut,2,0,10,6,4,6,5.3,6,10,12,,9,10.3,10,6,3,7,3,11,1,18,4,6,1,5,0
2026,1207,Duke,1,0,1,2,3,2,2.3,3,1,1,,1,1,1,9,2,17,2,6,0,23,2,2,0,7,0
2026,1206,Florida,1,0,4,4,5,5,4.7,4,5,4,,4,4.3,4,3,4,12,6,6,1,18,7,3,0,5,0
2026,1205,Furman,15,0,186,167,158,165,163.3,163,159,190,,195,181.3,184,0,0,0,1,0,2,0,3,5,5,14,4
2026,1204,Georgia,8,0,33,37,31,34,34,33,33,32,,37,34,32,1,3,6,7,6,2,12,9,1,1,9,0
2026,1203,Gonzaga,3,0,6,17,11,17,15,17,8,10,,11,9.7,9,2,2,7,2,4,0,11,2,11,1,8,0
2026,1202,Hawaii,13,0,101,108,104,95,102.3,100,122,107,,116,115,113,0,0,0,0,0,4,0,4,8,2,14,2
2026,1201,High Point,12,0,76,96,67,71,78,76,63,92,,93,82.7,85,0,0,0,0,0,2,0,2,5,2,22,0
2026,1200,Hofstra,13,0,88,79,102,102,94.3,94,102,88,,91,93.7,93,0,0,0,1,2,2,2,3,10,4,10,3
2026,1199,Houston,2,0,5,5,6,4,5,5,4,5,,5,4.7,5,5,6,10,6,9,0,19,6,3,0,6,0
2026,1198,Howard,16,0,203,238,182,132,184,184,204,207,,206,205.7,208,0,1,0,2,1,2,1,4,1,0,17,6
2026,1197,Idaho,15,0,144,231,202,198,210.3,200,172,145,,136,151,150,0,0,0,0,0,3,0,3,9,8,9,3
2026,1196,Illinois,3,0,8,18,17,18,17.7,18,7,7,,6,6.7,7,5,7,7,8,5,0,12,8,7,0,5,0
2026,1195,Iowa,9,0,27,51,39,38,42.7,42,31,25,,26,27.3,28,1,8,4,9,5,1,9,10,6,2,6,0
2026,1194,Iowa St.,2,0,7,14,14,10,12.7,11,6,6,,7,6.3,6,4,5,8,7,10,0,18,7,2,0,7,0
2026,1193,Kansas,4,0,21,11,18,16,15,17,21,21,,22,21.3,21,6,6,9,9,7,1,16,10,4,0,3,0
2026,1192,Kennesaw St.,14,0,155,156,148,160,154.7,153,125,163,,145,144.3,144,0,1,0,1,0,3,0,4,5,5,13,4
2026,1191,Kentucky,7,0,28,34,27,26,29,29,23,28,,31,27.3,28,4,9,5,11,7,2,12,13,3,0,6,0
2026,1190,Lehigh,16,0,275,275,295,243,271,266,288,284,,283,285,284,0,1,0,2,0,1,0,3,1,5,15,8
2026,1189,LIU Brooklyn,16,0,198,204,142,122,156,155,217,216,,235,222.7,222,0,2,0,2,0,2,0,4,1,3,23,3
2026,1188,Louisville,6,0,16,26,26,24,25.3,24,11,19,,17,15.7,16,1,8,8,10,4,0,12,10,4,0,7,0
2026,1187,McNeese St.,12,0,56,81,46,48,58.3,62,60,68,,73,67,66,0,2,0,2,2,2,2,4,8,0,16,1
2026,1186,Miami FL,7,0,32,32,25,25,27.3,26,40,31,,35,35.3,34,3,5,6,6,6,2,12,8,3,0,10,0
2026,1185,Miami OH,11,0,64,53,28,37,39.3,39,93,93,,86,90.7,89,0,0,0,0,3,0,3,0,10,0,15,1
2026,1184,Michigan,1,0,2,1,2,1,1.3,1,2,2,,2,2,2,10,2,16,3,6,0,22,3,6,0,3,0
2026,1183,Michigan St.,3,0,11,13,13,11,12.3,10,13,9,,12,11.3,11,3,5,9,6,5,1,14,7,7,0,4,0
2026,1182,Missouri,10,0,58,50,40,41,43.7,43,44,52,,46,47.3,48,3,4,5,7,4,5,9,12,3,0,8,0
2026,1181,Nebraska,4,0,14,20,9,12,13.7,14,17,14,,19,16.7,18,3,6,9,6,6,0,15,6,5,0,6,0
2026,1180,North Carolina,6,0,24,16,21,21,19.3,20,30,29,,27,28.7,29,3,5,6,8,5,0,11,8,8,0,5,0
2026,1179,North Carolina St.,11,0,36,33,45,43,40.3,40,37,34,,38,36.3,36,2,6,5,8,6,4,11,12,5,0,4,1
2026,1178,North Dakota St.,14,0,114,129,98,92,106.3,104,133,113,,114,120,121,0,0,0,0,0,1,0,1,5,4,19,2
2026,1177,Northern Iowa,12,0,72,77,105,99,93.7,93,82,71,,70,74.3,75,0,1,0,2,4,5,4,7,7,5,11,0
2026,1176,Ohio St.,8,0,29,42,33,32,35.7,35,26,26,,23,25,25,1,10,4,11,5,1,9,12,6,0,6,0
2026,1175,Penn,14,0,148,121,124,125,123.3,121,167,159,,147,157.7,157,0,0,0,2,1,4,1,6,6,3,10,2
2026,1174,Prairie View A&M,16,0,300,306,325,257,296,304,297,288,,281,288.7,290,0,0,0,3,0,2,0,5,0,1,14,11
2026,1173,Purdue,2,0,9,9,12,7,9.3,9,9,8,,8,8.3,8,7,6,11,8,6,0,17,8,7,0,3,0
2026,1172,Queens,15,0,189,172,143,138,151,147,193,181,,198,190.7,188,0,4,0,5,0,2,0,7,2,2,18,4
2026,1171,Saint Louis,9,0,30,29,38,42,36.3,36,35,41,,43,39.7,41,0,0,2,1,6,3,8,4,6,1,13,0
2026,1170,Saint Mary's,7,0,22,24,29,31,28,27,27,24,,24,25,25,1,3,1,4,8,1,9,5,10,0,7,0
2026,1169,Santa Clara,10,0,40,38,41,36,38.3,38,49,35,,28,37.3,38,1,4,2,6,6,1,8,7,10,0,7,1
2026,1168,Siena,16,0,183,140,159,155,151.3,148,196,192,,186,191.3,190,0,0,0,1,0,0,0,1,2,6,21,4
2026,1167,SMU,11,0,37,41,49,45,45,45,42,42,,42,42,44,0,6,4,9,5,4,9,13,5,0,6,0
2026,1166,South Florida,11,0,45,35,51,58,48,47,52,49,,51,50.7,50,0,1,2,3,6,2,8,5,7,3,9,0
2026,1165,St. John's,5,0,15,10,16,13,13,12,16,16,,15,15.7,16,3,2,5,5,11,0,16,5,9,1,3,0
2026,1164,TCU,9,0,39,36,35,33,34.7,34,48,43,,48,46.3,45,4,6,6,7,7,2,13,9,2,1,7,1
2026,1163,Tennessee,6,0,20,25,22,23,23.3,23,12,15,,16,14.3,13,4,7,6,10,6,1,12,11,3,0,7,0
2026,1162,Tennessee St.,15,0,172,150,128,115,131,130,206,187,,218,203.7,205,0,1,0,2,1,0,1,2,3,1,16,6
2026,1161,Texas,11,0,42,66,44,46,52,50,39,37,,45,40.3,43,2,9,6,9,1,4,7,13,3,1,7,0
2026,1160,Texas A&M,10,0,44,52,36,39,42.3,41,32,39,,39,36.7,37,2,5,5,8,4,3,9,11,4,0,8,0
2026,1159,Texas Tech,5,0,19,15,20,19,18,19,22,20,,13,18.3,19,4,6,7,9,5,1,12,10,7,0,3,0
2026,1158,Troy,13,0,125,87,126,129,114,112,134,143,,142,139.7,140,0,0,1,0,2,1,3,1,4,7,13,3
2026,1157,UCF,10,0,51,28,37,35,33.3,32,57,54,,57,56,55,1,5,5,8,6,3,11,11,4,0,6,0
2026,1156,UCLA,7,0,31,39,30,27,32,31,25,27,,25,25.7,26,4,8,5,8,5,3,10,11,6,0,7,0
2026,1155,UMBC,16,0,196,215,122,106,147.7,145,180,185,,185,183.3,185,0,0,0,2,0,2,0,4,0,1,22,3
2026,1154,Utah St.,9,0,26,21,34,30,28.3,28,34,30,,29,31,30,0,0,4,4,9,1,13,5,9,1,5,0
2026,1153,Vanderbilt,5,0,13,8,7,9,8,8,14,11,,10,11.7,12,5,4,10,7,7,1,17,8,3,0,6,0
2026,1152,VCU,11,0,43,30,42,40,37.3,37,46,46,,49,47,47,0,3,2,5,5,2,7,7,9,0,11,0
2026,1151,Villanova,8,0,35,27,23,28,26,25,36,33,,36,35,33,1,6,2,6,8,1,10,7,9,1,5,0
2026,1150,Virginia,3,0,12,7,8,8,7.7,7,20,13,,14,15.7,16,3,2,8,4,9,1,17,5,5,0,7,0
2026,1149,Wisconsin,5,0,25,23,19,20,20.7,21,24,22,,21,22.3,22,5,5,8,8,5,1,13,9,5,1,6,0
2026,1148,Wright St.,14,0,127,144,139,136,139.7,135,140,140,,130,136.7,135,0,0,0,1,0,2,0,3,5,6,16,2
2025,1147,Akron,13,64,91,63,66,65,64.7,62,112,99,,101,104,104,0,1,0,1,1,2,1,3,6,3,19,0
2025,1146,Alabama,2,8,6,2,6,4,4,4,6,6,,5,5.7,6,10,6,11,8,8,0,19,8,4,0,2,0
2025,1145,Alabama St.,16,64,274,256,252,203,237,223,276,273,,274,274.3,275,0,1,0,3,0,3,0,6,3,1,15,8
2025,1144,American,16,68,226,214,163,163,180,178,227,237,,244,236,236,0,1,0,1,0,3,0,4,1,2,19,6
2025,1143,Arizona,4,16,12,25,20,16,20.3,22,9,14,,9,10.7,11,6,7,9,12,5,0,14,12,4,0,4,0
2025,1142,Arkansas,10,16,40,43,45,40,42.7,40,42,40,,43,41.7,39,3,7,5,10,4,3,9,13,4,0,7,0
2025,1141,Auburn,1,4,2,1,1,1,1,1,3,4,,3,3.3,4,9,5,15,5,7,0,22,5,2,0,4,0
2025,1140,Baylor,9,32,30,52,40,39,43.7,43,19,29,,27,25,24,1,11,5,12,7,1,12,13,1,1,5,0
2025,1139,Bryant,15,64,141,164,143,140,149,151,131,149,,153,144.3,143,0,1,0,1,0,3,0,4,3,2,18,5
2025,1138,BYU,6,16,24,31,19,21,23.7,23,24,24,,14,20.7,21,3,4,7,7,7,2,14,9,4,0,6,0
2025,1137,Clemson,5,64,22,19,15,22,18.7,20,15,18,,21,18,16,2,2,5,3,8,2,13,5,9,1,5,0
2025,1136,Colorado St.,12,32,47,44,49,47,46.7,48,53,42,,38,44.3,43,0,1,3,5,7,2,10,7,5,2,10,0
2025,1135,Connecticut,8,32,32,46,31,36,37.7,38,16,35,,35,28.7,30,4,2,5,5,8,4,13,9,4,1,6,0
2025,1134,Creighton,9,32,38,37,24,31,30.7,31,26,37,,33,32,33,2,5,6,6,5,4,11,10,8,0,5,0
2025,1133,Drake,11,32,56,33,32,41,35.3,35,73,58,,58,63,64,0,0,2,0,4,0,6,0,11,3,11,0
2025,1132,Duke,1,4,1,6,4,6,5.3,6,1,1,,2,1.3,1,6,3,9,3,7,0,16,3,10,0,5,0
2025,1131,Florida,1,1,4,3,3,3,3,3,4,2,,4,3.3,4,7,3,11,4,9,0,20,4,4,0,6,0
2025,1130,Georgia,9,64,33,38,35,33,35.3,35,38,34,,30,34,35,4,7,4,11,5,1,9,12,3,0,8,0
2025,1129,Gonzaga,8,32,8,26,39,35,33.3,33,10,9,,11,10,9,1,2,4,6,6,2,10,8,5,0,10,0
2025,1128,Grand Canyon,13,64,92,94,78,75,82.3,81,87,93,,83,87.7,86,0,0,0,1,1,3,1,4,9,2,15,1
2025,1127,High Point,13,64,82,69,67,66,67.3,65,81,84,,85,83.3,85,0,0,0,0,1,0,1,0,9,3,17,2
2025,1126,Houston,1,2,3,5,2,2,3,3,2,3,,1,2,2,7,3,13,3,7,1,20,4,5,0,5,0
2025,1125,Illinois,6,32,17,22,30,25,25.7,26,23,20,,23,22,22,4,8,8,10,7,2,15,12,0,0,6,0
2025,1124,Iowa St.,3,32,9,23,13,18,18,19,7,10,,8,8.3,8,2,5,9,7,7,2,16,9,2,0,6,0
2025,1123,Kansas,7,64,20,24,26,26,25.3,25,14,21,,20,18.3,17,4,9,6,11,7,1,13,12,5,0,3,0
2025,1122,Kentucky,3,16,15,9,12,9,10,9,17,16,,17,16.7,15,7,8,11,10,1,1,12,11,4,0,6,0
2025,1121,Liberty,12,64,60,49,62,60,57,58,85,62,,56,67.7,67,0,0,0,0,3,2,3,2,14,4,8,0
2025,1120,Lipscomb,14,64,84,104,115,92,103.7,102,106,83,,102,97,98,0,1,0,2,1,2,1,4,6,3,16,2
2025,1119,Louisville,8,64,23,16,11,17,14.7,13,28,23,,19,23.3,23,1,4,5,6,10,1,15,7,7,0,5,0
2025,1118,Marquette,7,64,26,30,23,29,27.3,28,20,28,,31,26.3,27,2,6,6,8,7,2,13,10,5,0,5,0
2025,1117,Maryland,4,16,10,17,18,19,18,19,13,13,,10,12,12,4,5,8,7,6,1,14,8,3,0,8,0
2025,1116,McNeese St.,12,32,58,77,64,59,66.7,64,66,59,,63,62.7,62,0,1,0,2,1,2,1,4,6,2,18,0
2025,1115,Memphis,5,64,50,14,14,23,17,16,46,52,,61,53,55,2,1,6,1,5,2,11,3,11,2,7,0
2025,1114,Michigan,5,16,25,8,16,12,12,11,29,26,,26,27,28,6,4,12,7,4,2,16,9,7,0,2,0
2025,1113,Michigan St.,2,8,11,7,8,7,7.3,7,11,8,,13,10.7,11,5,3,13,4,5,2,18,6,5,0,4,0
2025,1112,Mississippi,6,16,28,18,22,13,17.7,17,32,25,,28,28.3,29,5,7,8,10,5,1,13,11,2,0,7,0
2025,1111,Mississippi St.,8,64,34,27,34,30,30.3,30,35,32,,32,33,34,2,7,7,10,6,2,13,12,2,0,6,0
2025,1110,Missouri,6,64,16,29,29,24,27.3,28,31,15,,16,20.7,21,4,6,7,11,3,0,10,11,4,0,8,0
2025,1109,Montana,14,64,143,125,90,79,98,95,173,157,,133,154.3,154,0,3,0,4,1,2,1,6,4,3,17,0
2025,1108,Mount St. Mary's,16,64,236,184,168,160,170.7,173,239,250,,263,250.7,253,0,1,0,2,0,1,0,3,4,1,17,8
2025,1107,Nebraska Omaha,15,64,160,156,149,139,148,149,211,156,,126,164.3,163,0,1,0,1,0,6,0,7,7,1,13,4
2025,1106,New Mexico,10,32,42,32,33,34,33,32,49,41,,40,43.3,42,1,1,4,4,7,1,11,5,4,2,10,0
2025,1105,Norfolk St.,16,64,183,167,122,114,134.3,133,171,180,,195,182,183,0,2,0,2,1,2,1,4,4,3,16,3
2025,1104,North Carolina,11,64,36,54,38,43,45,47,25,33,,36,31.3,32,0,10,1,12,8,0,9,12,7,1,6,0
2025,1103,Oklahoma,9,64,43,42,36,32,36.7,37,43,38,,46,42.3,41,4,10,7,11,4,1,11,12,2,1,7,0
2025,1102,Oregon,5,32,29,11,21,14,15.3,15,36,31,,39,35.3,36,5,4,8,7,8,2,16,9,5,0,3,0
2025,1101,Purdue,4,16,19,12,27,20,19.7,21,21,19,,18,19.3,18,3,8,7,10,9,1,16,11,2,0,4,0
2025,1100,Robert Morris,15,64,139,110,101,95,102,100,168,139,,150,152.3,152,0,0,0,1,2,0,2,1,9,4,14,3
2025,1099,Saint Francis,16,68,297,273,330,236,279.7,280,307,311,,301,306.3,309,0,2,0,4,0,1,0,5,2,4,11,8
2025,1098,Saint Mary's,7,32,21,20,25,27,24,24,30,22,,24,25.3,25,2,1,4,3,6,2,10,5,7,0,10,0
2025,1097,San Diego St.,11,68,52,39,47,44,43.3,41,54,46,,54,51.3,53,1,2,3,6,5,2,8,8,4,1,8,0
2025,1096,SIU Edwardsville,16,64,216,225,185,153,187.7,185,240,217,,218,225,230,0,1,0,2,0,0,0,2,2,2,17,7
2025,1095,St. John's,2,32,13,10,7,8,8.3,8,12,12,,15,13,13,2,1,6,4,11,0,17,4,7,0,6,0
2025,1094,Tennessee,2,8,5,4,5,5,4.7,5,5,5,,6,5.3,5,7,6,11,7,5,0,16,7,5,0,6,0
2025,1093,Texas,11,68,39,58,53,46,52.3,53,34,44,,48,42,40,3,7,7,10,3,5,10,15,2,0,7,0
2025,1092,Texas A&M,4,32,18,13,17,11,13.7,12,22,17,,22,20.3,19,5,6,7,9,9,1,16,10,1,0,5,0
2025,1091,Texas Tech,3,8,7,21,10,15,15.3,15,8,7,,7,7.3,7,4,5,9,5,4,3,13,8,6,0,6,0
2025,1090,Troy,14,64,99,107,102,97,102,100,109,98,,103,103.3,103,0,2,0,3,2,1,2,4,5,3,14,3
2025,1089,UC San Diego,12,64,35,40,46,45,43.7,43,57,36,,44,45.7,44,1,0,2,1,2,1,4,2,9,2,15,0
2025,1088,UCLA,7,32,27,28,28,28,28,29,27,27,,25,26.3,27,5,4,9,8,5,1,14,9,1,1,7,0
2025,1087,UNC Wilmington,14,64,102,88,84,83,85,83,111,105,,109,108.3,107,0,1,0,1,0,0,0,1,8,3,17,3
2025,1086,Utah St.,10,64,37,34,37,38,36.3,36,44,51,,49,48,48,1,0,2,4,8,3,10,7,5,0,10,0
2025,1085,Vanderbilt,10,64,48,47,41,37,41.7,39,56,49,,42,49,50,3,7,5,9,4,3,9,12,3,0,8,0
2025,1084,VCU,11,64,31,36,48,51,45,47,33,30,,29,30.7,31,0,0,2,1,6,4,8,5,6,0,13,1
2025,1083,Wisconsin,3,32,14,15,9,10,11.3,10,18,11,,12,13.7,14,3,6,8,8,10,1,18,9,2,0,6,0
2025,1082,Wofford,15,64,131,133,187,187,169,169,139,120,,145,134.7,133,0,1,0,1,2,4,2,5,6,9,9,1
2025,1081,Xavier,11,64,45,60,42,49,50.3,49,39,43,,37,39.7,38,1,5,1,9,8,2,9,11,5,0,7,0
2025,1080,Yale,13,64,72,74,75,77,75.3,73,67,74,,79,73.3,74,0,1,0,1,2,1,2,2,6,3,13,2
2024,1079,Akron,14,64,108,112,106,,109,111,107,116,,,111.5,109,0,0,0,3,2,3,2,6,6,2,14,2
2024,1078,Alabama,4,4,9,9,17,,13,13,10,13,,,11.5,12,2,8,4,10,7,1,11,11,7,0,3,0
2024,1077,Arizona,2,16,4,7,13,,10,10,5,6,,,5.5,6,4,1,8,3,7,4,15,7,8,1,2,0
2024,1076,Auburn,4,64,5,8,11,,9.5,9,4,4,,,4,4,1,5,3,7,10,0,13,7,9,0,5,0
2024,1075,Baylor,3,32,14,11,8,,9.5,9,13,14,,,13.5,14,3,8,10,9,4,1,14,10,3,0,5,0
2024,1074,Boise St.,10,68,27,29,61,,45,44,48,39,,,43.5,45,4,4,6,5,3,4,9,9,3,1,8,0
2024,1073,BYU,6,64,12,30,21,,25.5,25,17,16,,,16.5,16,3,4,6,8,5,2,11,10,4,0,8,0
2024,1070,College of Charleston,13,64,97,82,75,,78.5,80,97,98,,,97.5,100,0,1,0,1,1,2,1,3,11,4,14,0
2024,1072,Clemson,6,8,35,18,34,,26,26,28,35,,,31.5,31,3,2,5,5,5,5,10,10,6,1,5,0
2024,1071,Colgate,14,64,125,170,115,,142.5,145,111,145,,,128,127,0,2,0,2,1,3,1,5,2,1,21,3
2024,1069,Colorado,10,32,25,32,37,,34.5,31,44,27,,,35.5,36,0,3,4,5,6,5,10,10,7,0,7,0
2024,1068,Colorado St.,10,64,36,28,56,,42,42,71,38,,,54.5,54,1,6,6,7,3,2,9,9,7,1,6,0
2024,1067,Connecticut,1,1,2,3,2,,2.5,3,2,1,,,1.5,2,8,2,13,3,8,0,21,3,1,0,9,0
2024,1066,Creighton,3,16,11,15,14,,14.5,14,9,11,,,10,10,4,3,8,5,7,4,15,9,1,0,7,0
2024,1065,Dayton,7,32,23,12,25,,18.5,18,30,33,,,31.5,31,0,1,3,4,5,3,8,7,9,0,7,0
2024,1064,Drake,10,64,47,22,43,,32.5,28,53,51,,,52,52,0,1,4,1,3,3,7,4,9,2,11,0
2024,1063,Duke,4,8,10,19,15,,17,17,8,8,,,8,8,3,3,5,4,6,4,11,8,7,0,6,0
2024,1062,Duquesne,11,32,83,37,79,,58,58,90,90,,,90,90,1,2,2,3,6,5,8,8,5,3,10,0
2024,1061,Florida,7,64,26,23,16,,19.5,19,23,24,,,23.5,22,4,4,6,8,4,2,10,10,9,1,5,0
2024,1060,Florida Atlantic,8,64,39,33,40,,36.5,34,35,41,,,38,38,1,1,2,2,8,3,10,5,8,1,7,2
2024,1059,Gonzaga,5,16,17,46,22,,34,30,16,15,,,15.5,15,2,3,3,6,4,1,7,7,5,0,12,0
2024,1058,Grambling St.,16,64,279,246,205,,225.5,225,291,267,,,279,279,0,4,0,6,0,0,0,6,0,2,17,6
2024,1057,Grand Canyon,12,32,50,52,52,,52,51,61,53,,,57,58,0,0,1,0,2,2,3,2,11,2,14,0
2024,1056,Houston,1,16,1,2,1,,1.5,1,1,2,,,1.5,2,6,3,16,4,3,0,19,4,4,0,7,0
2024,1055,Howard,16,68,273,282,248,,265,267,260,274,,,267,265,0,0,0,1,0,3,0,4,1,5,15,7
2024,1054,Illinois,3,8,15,10,9,,9.5,9,12,10,,,11,11,2,5,8,6,6,1,14,7,7,1,5,0
2024,1053,Iowa St.,2,16,6,6,4,,5,5,6,5,,,5.5,6,6,3,10,6,6,1,16,7,2,0,9,0
2024,1052,James Madison,12,32,52,88,33,,60.5,63,46,59,,,52.5,53,1,0,1,1,0,1,1,2,7,1,22,0
2024,1051,Kansas,4,32,20,13,12,,12.5,12,20,22,,,21,21,5,6,7,9,6,0,13,9,4,1,4,0
2024,1050,Kentucky,3,64,19,20,20,,20,20,21,18,,,19.5,20,6,2,6,7,2,1,8,8,8,1,7,0
2024,1049,Long Beach St.,15,64,170,159,158,,158.5,152,172,163,,,167.5,168,0,1,0,1,3,2,3,3,7,5,9,6
2024,1048,Longwood,16,64,162,197,167,,182,183,140,157,,,148.5,149,0,1,0,1,1,2,1,3,4,4,13,6
2024,1047,Marquette,2,16,13,16,6,,11,11,14,12,,,13,13,4,6,9,8,6,1,15,9,4,0,6,0
2024,1046,McNeese St.,12,64,56,91,62,,76.5,76,52,60,,,56,56,0,0,1,0,2,2,3,2,4,0,19,1
2024,1045,Michigan St.,9,32,24,45,50,,47.5,47,19,19,,,19,19,2,7,3,9,6,5,9,14,6,0,4,0
2024,1044,Mississippi St.,8,64,31,36,38,,37,36,29,30,,,29.5,28,3,6,4,9,4,3,8,12,7,0,6,1
2024,1043,Montana St.,16,68,208,258,277,,267.5,271,281,213,,,247,250,0,0,0,1,1,2,1,3,4,6,10,7
2024,1042,Morehead St.,14,64,106,129,114,,121.5,121,101,111,,,106,105,0,2,0,2,0,2,0,4,3,2,19,2
2024,1037,North Carolina St.,11,4,63,53,57,,55,55,57,58,,,57.5,59,3,6,3,8,6,5,9,13,4,1,9,0
2024,1041,Nebraska,8,64,33,27,24,,25.5,25,37,29,,,33,35,1,4,4,7,5,3,9,10,7,0,7,0
2024,1040,Nevada,10,64,34,24,32,,28,27,55,36,,,45.5,46,3,2,6,6,2,0,8,6,8,1,9,0
2024,1039,New Mexico,11,64,22,25,54,,39.5,38,43,23,,,33,35,2,5,5,6,3,1,8,7,7,1,10,1
2024,1038,North Carolina,1,16,8,5,5,,5,5,11,9,,,10,10,5,2,9,3,7,4,16,7,6,0,5,0
2024,1036,Northwestern,9,32,53,41,29,,35,33,39,46,,,42.5,42,2,6,4,7,5,3,9,10,5,0,7,1
2024,1035,Oakland,14,32,126,105,102,,103.5,103,131,137,,,134,135,0,3,1,5,1,0,2,5,7,6,14,0
2024,1034,Oregon,11,32,59,44,47,,45.5,45,62,55,,,58.5,61,2,4,4,6,5,4,9,10,8,1,6,0
2024,1033,Purdue,1,2,3,1,3,,2,2,3,3,,,3,3,9,2,12,4,8,0,20,4,6,0,3,0
2024,1032,Saint Mary's,5,64,16,34,49,,41.5,40,15,20,,,17.5,18,3,1,5,3,3,2,8,5,5,2,12,0
2024,1031,Saint Peter's,15,64,189,199,180,,189.5,192,197,187,,,192,190,0,0,0,1,0,2,0,3,3,6,15,4
2024,1030,Samford,13,64,74,75,71,,73,74,96,82,,,89,86,0,1,0,2,2,0,2,2,10,3,15,0
2024,1029,San Diego St.,5,16,21,17,28,,22.5,21,34,21,,,27.5,26,2,7,4,9,6,1,10,10,6,0,6,0
2024,1028,South Carolina,6,64,51,21,10,,15.5,15,54,49,,,51.5,50,2,5,6,5,5,0,11,5,6,2,9,0
2024,1027,South Dakota St.,15,64,135,184,157,,170.5,169,152,134,,,143,143,0,0,0,1,0,2,0,3,7,4,12,5
2024,1026,Stetson,16,64,209,194,146,,170,168,178,218,,,198,196,0,2,1,2,0,2,1,4,1,0,17,8
2024,1025,TCU,9,64,42,59,26,,42.5,43,26,32,,,29,27,2,8,5,11,3,1,8,12,5,0,8,0
2024,1024,Tennessee,2,8,7,4,7,,5.5,6,7,7,,,7,7,6,4,8,7,5,1,13,8,6,0,5,0
2024,1023,Texas,7,32,30,47,27,,37,36,22,28,,,25,25,3,8,5,9,3,2,8,11,5,1,7,0
2024,1022,Texas A&M,9,32,45,39,45,,42,42,36,43,,,39.5,39,3,4,7,7,6,3,13,10,2,4,5,0
2024,1021,Texas Tech,6,64,28,31,19,,25,23,25,25,,,25,25,4,4,6,9,4,1,10,10,6,0,7,0
2024,1020,UAB,12,64,105,70,83,,76.5,76,119,106,,,112.5,112,0,1,0,4,7,3,7,7,9,2,6,2
2024,1019,Utah St.,8,32,38,26,23,,24.5,22,68,48,,,58,60,1,4,4,5,4,1,8,6,7,0,10,0
2024,1018,Vermont,13,64,102,77,66,,71.5,73,81,104,,,92.5,93,0,0,0,2,2,0,2,2,9,3,15,1
2024,1017,Virginia,10,68,54,38,30,,34,30,56,68,,,62,62,1,3,2,7,8,3,10,10,7,0,6,0
2024,1016,Wagner,16,64,290,305,269,,287,286,273,293,,,283,286,0,0,0,2,0,0,0,2,3,3,11,10
2024,1015,Washington St.,7,32,44,35,35,,35,33,42,42,,,42,41,2,2,6,4,3,4,9,8,7,1,8,0
2024,1014,Western Kentucky,15,64,136,160,141,,150.5,148,158,132,,,145,147,0,0,0,0,1,0,1,0,6,7,12,4
2024,1013,Wisconsin,5,64,18,14,18,,16,16,18,17,,,17.5,18,3,7,5,9,9,4,14,13,4,0,4,0
2024,1012,Yale,13,32,81,79,85,,82,82,63,81,,,72,73,0,2,0,3,3,2,3,5,10,2,7,2
2023,1011,Alabama,1,16,2,1,1,,1,1,2,3,1,,2,2,4,4,13,5,6,0,19,5,7,0,3,0
2023,1010,Arizona,2,64,10,9,8,,8.5,8,9,10,8,,9,10,5,1,9,2,7,4,16,6,5,0,7,0
2023,1009,Arizona St.,11,64,66,52,47,,49.5,49,72,68,66,,68.7,73,2,4,5,6,4,5,9,11,5,0,8,1
2023,1008,Arkansas,8,16,21,23,43,,33,35,14,20,23,,19,17,2,8,4,10,4,2,8,12,10,1,2,0
2023,1007,Auburn,9,32,32,31,33,,32,33,27,29,26,,27.3,28,1,7,3,10,6,1,9,11,8,1,3,0
2023,1006,Baylor,3,32,15,10,10,,10,9,12,15,13,,13.3,13,6,6,11,10,4,0,15,10,0,0,7,0
2023,1005,Boise St.,10,64,29,22,39,,30.5,30,47,31,56,,44.7,44,2,4,3,5,9,2,12,7,6,2,5,0
2023,1003,College of Charleston,12,64,51,55,36,,45.5,46,63,73,70,,68.7,73,0,0,0,1,2,0,2,1,12,2,16,0
2023,1004,Colgate,15,64,101,136,110,,123,125,98,114,109,,107,108,0,1,0,1,1,0,1,1,2,5,22,2
2023,1002,Connecticut,4,1,8,21,11,,16,14,6,4,6,,5.3,5,3,4,6,6,6,1,12,7,5,1,8,0
2023,1001,Creighton,6,8,17,42,32,,37,36,11,13,11,,11.7,11,2,7,3,8,6,3,9,11,6,1,6,0
2023,1000,Drake,12,64,55,47,61,,54,54,55,66,55,,58.7,58,0,0,1,1,3,3,4,4,10,3,12,0
2023,999,Duke,5,32,16,11,14,,12.5,12,16,21,14,,17,15,1,4,5,6,7,2,12,8,4,0,10,0
2023,998,Fairleigh Dickinson,16,32,301,312,283,,297.5,299,290,312,307,,303,306,0,0,0,1,0,0,0,1,1,2,16,12
2023,997,Florida Atlantic,9,4,13,27,22,,24.5,25,34,26,42,,34,35,1,0,2,1,4,2,6,3,11,0,12,0
2023,996,Furman,13,32,88,117,84,,100.5,100,92,89,80,,87,88,0,0,0,2,1,0,1,2,9,3,14,2
2023,995,Gonzaga,3,8,6,7,9,,8,7,8,8,4,,6.7,7,4,4,6,4,5,0,11,4,8,1,8,0
2023,994,Grand Canyon,14,64,104,98,105,,101.5,101,94,109,112,,105,105,0,1,1,2,2,1,3,3,8,7,10,1
2023,993,Houston,1,16,1,5,6,,5.5,5,1,1,2,,1.3,1,3,1,7,2,8,0,15,2,7,1,9,0
2023,992,Howard,16,64,214,180,168,,174,169,224,215,220,,219.7,221,0,1,0,3,0,0,0,3,4,6,15,3
2023,991,Illinois,9,64,34,46,37,,41.5,41,30,33,27,,30,30,2,4,2,11,7,1,9,12,4,0,7,0
2023,990,Indiana,4,32,30,20,21,,20.5,20,17,30,18,,21.7,22,4,6,6,9,6,2,12,11,4,0,6,0
2023,989,Iona,13,64,58,90,79,,84.5,86,51,74,79,,68,69,0,0,0,1,0,2,0,3,7,2,20,2
2023,988,Iowa,8,64,39,44,45,,44.5,44,32,37,31,,33.3,34,2,3,4,7,9,3,13,10,1,2,5,1
2023,987,Iowa St.,6,64,20,28,24,,26,26,25,23,32,,26.7,27,6,7,10,11,2,2,12,13,1,0,6,0
2023,986,Kansas,1,32,9,2,2,,2,2,10,9,7,,8.7,9,8,6,17,7,4,0,21,7,3,0,3,0
2023,985,Kansas St.,3,8,24,15,13,,14,13,31,24,25,,26.7,27,4,5,9,8,4,1,13,9,3,0,7,0
2023,984,Kennesaw St.,14,64,115,89,74,,81.5,81,134,127,149,,136.7,139,0,2,0,4,2,0,2,4,8,2,13,2
2023,983,Kent St.,13,64,59,71,50,,60.5,60,73,71,65,,69.7,74,0,2,0,3,2,1,2,4,11,1,13,1
2023,982,Kentucky,6,32,26,26,27,,26.5,27,15,28,20,,21,21,3,4,6,7,6,1,12,8,3,2,6,1
2023,981,Louisiana Lafayette,13,64,89,88,67,,77.5,77,99,92,97,,96,94,0,1,0,2,1,3,1,5,10,1,12,1
2023,980,Marquette,2,32,12,16,7,,11.5,11,13,12,12,,12.3,12,5,3,7,5,6,0,13,5,7,1,8,0
2023,979,Maryland,8,32,31,41,38,,39.5,40,20,22,24,,22,24,1,6,3,10,6,2,9,12,3,0,9,0
2023,978,Memphis,8,64,23,18,18,,18,19,29,19,15,,21,21,1,3,4,4,9,3,13,7,7,1,6,0
2023,977,Miami FL,5,4,35,25,20,,22.5,23,36,40,35,,37,36,0,2,5,5,6,0,11,5,7,1,7,1
2023,976,Michigan St.,7,16,33,35,25,,30,29,37,32,30,,33,32,1,8,5,9,7,2,12,11,3,1,4,0
2023,975,Mississippi St.,11,68,49,51,40,,45.5,46,44,49,53,,48.7,48,2,6,4,8,4,3,8,11,5,1,8,0
2023,974,Missouri,7,32,42,29,16,,22.5,23,61,51,52,,54.7,52,2,6,6,9,4,0,10,9,6,0,8,0
2023,973,Montana St.,14,64,103,134,99,,116.5,119,109,110,131,,116.7,118,0,1,0,2,2,1,2,3,6,5,15,1
2023,971,North Carolina St.,11,64,45,38,41,,39.5,40,45,55,46,,48.7,48,0,4,1,6,7,4,8,10,5,0,10,0
2023,972,Nevada,11,68,37,32,54,,43,42,71,43,84,,66,64,1,4,4,5,3,3,7,8,11,2,3,0
2023,970,Northern Kentucky,16,64,154,146,138,,142,143,146,161,158,,155,153,0,1,0,2,1,3,1,5,5,4,14,3
2023,969,Northwestern,7,32,41,36,28,,32,33,41,42,40,,41,40,4,3,7,6,4,5,11,11,1,0,9,0
2023,968,Oral Roberts,12,64,36,78,42,,60,59,83,56,75,,71.3,75,0,3,0,4,1,0,1,4,6,0,19,0
2023,967,Penn St.,10,32,48,37,29,,33,35,46,39,41,,42,42,1,5,7,7,5,5,12,12,4,1,6,0
2023,966,Pittsburgh,11,32,67,56,52,,54,54,66,77,59,,67.3,67,0,3,4,4,3,5,7,9,5,1,10,1
2023,965,Princeton,15,16,111,104,97,,100.5,100,110,112,107,,109.7,110,0,0,0,1,2,2,2,3,8,3,9,2
2023,964,Providence,11,64,56,66,46,,56,56,40,44,38,,40.7,39,2,6,3,8,3,2,6,10,4,1,11,0
2023,963,Purdue,1,64,5,3,3,,3,3,7,7,10,,8,8,5,2,10,4,9,1,19,5,5,0,5,0
2023,962,Saint Mary's,5,32,11,12,31,,21.5,21,18,11,17,,15.3,14,2,3,2,3,7,2,9,5,11,2,5,0
2023,961,San Diego St.,5,2,14,6,15,,10.5,10,24,14,28,,22,24,2,5,5,5,6,1,11,6,13,0,2,0
2023,960,Southeast Missouri St.,16,68,242,246,254,,250,251,257,257,256,,256.7,256,0,1,0,3,0,0,0,3,2,4,15,9
2023,959,TCU,6,32,28,34,26,,30,29,28,27,21,,25.3,25,4,7,8,11,5,0,13,11,0,0,8,1
2023,958,Tennessee,4,16,4,13,23,,18,19,3,5,9,,5.7,6,3,4,7,7,3,3,10,10,6,0,7,0
2023,957,Texas,2,8,7,4,4,,4,4,5,6,5,,5.3,5,6,5,14,8,4,0,18,8,1,0,7,0
2023,956,Texas A&M,7,64,19,17,19,,18,19,19,25,19,,21,21,4,4,7,6,5,1,12,7,6,0,7,2
2023,955,Texas A&M Corpus Chris,16,64,175,221,179,,200,205,210,170,199,,193,195,0,1,0,3,0,0,0,3,1,1,18,6
2023,954,Texas Southern,16,68,294,307,299,,303,307,292,285,283,,286.7,288,0,3,0,4,1,3,1,7,1,2,10,11
2023,953,UC Santa Barbara,14,64,100,105,89,,97,97,123,102,106,,110.3,111,0,0,0,0,3,1,3,1,9,5,13,1
2023,952,UCLA,2,16,3,8,5,,6.5,6,4,2,3,,3,3,3,3,8,5,9,0,17,5,5,0,7,0
2023,951,UNC Asheville,15,64,140,131,80,,105.5,103,136,146,154,,145.3,144,0,1,1,2,0,0,1,2,4,2,20,3
2023,950,USC,10,64,50,40,35,,37.5,37,54,36,36,,42,42,1,4,3,6,7,2,10,8,6,1,6,1
2023,949,Utah St.,10,64,18,14,34,,24,24,42,18,37,,32.3,31,0,5,2,5,9,1,11,6,13,0,1,2
2023,948,VCU,12,64,53,30,49,,39.5,40,56,58,45,,53,50,0,1,1,1,4,4,5,5,12,0,10,2
2023,947,Vermont,15,64,109,106,103,,104.5,102,97,113,104,,104.7,103,0,1,0,3,1,3,1,6,5,3,16,1
2023,946,Virginia,4,64,27,19,17,,18,19,22,34,29,,28.3,29,1,3,5,5,6,1,11,6,5,1,9,0
2023,945,West Virginia,9,64,25,33,30,,31.5,31,23,17,22,,20.7,18,1,11,6,13,6,1,12,14,1,0,6,0
2023,944,Xavier,3,16,22,24,12,,18,19,21,16,16,,17.7,16,4,5,8,6,5,1,13,7,4,2,8,0
2022,943,Akron,13,64,127,122,112,,117,116,102,131,132,,121.7,118,0,1,0,2,2,1,2,3,4,4,16,2
2022,942,Alabama,6,64,30,16,29,,22.5,22,21,25,23,,23,21,4,6,8,8,5,3,13,11,5,2,1,0
2022,941,Arizona,1,16,2,3,2,,2.5,2,3,2,2,,2.3,2,4,2,6,3,9,0,15,3,9,0,7,0
2022,940,Arkansas,4,8,20,18,16,,17,16,20,20,17,,19,19,5,2,7,6,5,1,12,7,6,1,7,0
2022,939,Auburn,2,32,11,6,6,,6,6,12,10,12,,11.3,12,3,3,8,5,7,0,15,5,8,0,4,0
2022,938,Baylor,1,32,4,2,4,,3,3,6,5,4,,5,5,4,4,10,5,8,1,18,6,2,0,6,0
2022,937,Boise St.,8,64,29,22,37,,29.5,28,55,26,38,,39.7,37,2,1,6,3,7,3,13,6,7,0,6,1
2022,936,Bryant,16,68,200,183,127,,155,156,169,183,202,,184.7,182,0,1,0,1,0,3,0,4,3,2,18,3
2022,935,Cal St. Fullerton,15,64,153,162,147,,154.5,155,175,149,159,,161,161,0,1,0,2,1,1,1,3,7,3,11,4
2022,934,Chattanooga,13,64,63,50,57,,53.5,55,64,72,85,,73.7,76,0,1,1,2,3,0,4,2,11,2,10,3
2022,933,Colgate,14,64,128,190,153,,171.5,168,109,119,133,,120.3,117,0,0,0,2,1,0,1,2,1,6,20,3
2022,932,Colorado St.,6,64,28,15,27,,21,19,80,31,37,,49.3,48,1,2,5,3,8,1,13,4,3,1,8,0
2022,931,Connecticut,5,64,17,23,22,,22.5,22,18,18,16,,17.3,17,2,4,5,6,8,3,13,9,3,0,7,0
2022,930,Creighton,9,32,55,27,34,,30.5,31,68,53,45,,55.3,55,2,5,7,6,4,4,11,10,6,1,5,0
2022,929,Davidson,10,64,41,38,35,,36.5,37,50,41,55,,48.7,47,0,1,2,2,4,3,6,5,9,1,11,0
2022,928,Delaware,15,64,137,105,135,,120,120,149,145,147,,147,150,0,0,0,2,1,4,1,6,8,4,12,2
2022,927,Duke,2,4,12,14,11,,12.5,12,11,12,11,,11.3,12,3,1,6,2,6,3,12,5,8,1,8,0
2022,926,Georgia St.,16,64,159,148,139,,143.5,141,136,151,142,,143,146,0,0,0,1,0,1,0,2,7,6,8,2
2022,925,Gonzaga,1,16,1,5,7,,6,6,1,1,1,,1,1,5,2,10,3,2,0,12,3,1,0,13,0
2022,924,Houston,5,8,3,13,14,,13.5,14,2,4,5,,3.7,3,0,3,1,4,10,1,11,5,10,0,8,0
2022,923,Illinois,4,32,15,20,18,,19,17,15,17,15,,15.7,15,5,3,6,6,6,3,12,9,6,0,4,0
2022,922,Indiana,12,64,38,60,44,,52,52,33,36,29,,32.7,32,2,7,4,8,4,4,8,12,5,1,7,0
2022,921,Iowa,5,64,14,24,17,,20.5,18,14,13,13,,13.3,14,3,5,4,6,8,3,12,9,7,0,7,0
2022,920,Iowa St.,11,16,49,45,30,,37.5,38,52,48,60,,53.3,53,2,8,9,8,1,4,10,12,2,0,8,0
2022,919,Jacksonville St.,15,64,143,171,138,,154.5,155,126,146,149,,140.3,142,0,1,0,2,1,1,1,3,3,2,15,5
2022,918,Kansas,1,1,6,1,1,,1,1,8,6,3,,5.7,6,4,4,12,5,8,1,20,6,5,0,3,0
2022,917,Kentucky,2,64,5,9,5,,7,7,4,3,6,,4.3,4,3,6,9,7,5,0,14,7,4,0,8,0
2022,916,Longwood,14,64,125,149,102,,125.5,125,130,144,165,,146.3,149,0,1,0,1,0,1,0,2,4,2,17,3
2022,915,Loyola Chicago,10,64,23,51,45,,48,47,25,24,36,,28.3,30,1,1,3,2,5,4,8,6,7,1,9,0
2022,914,LSU,6,64,18,25,25,,25,24,16,19,19,,18,18,2,6,6,9,5,1,11,10,6,1,5,0
2022,913,Marquette,9,64,42,36,50,,43,42,54,47,49,,50,50,4,5,5,7,5,5,10,12,4,0,5,0
2022,912,Memphis,9,32,33,30,39,,34.5,35,24,28,26,,26,24,2,1,5,4,3,4,8,8,8,2,5,0
2022,911,Miami FL,10,8,62,40,33,,36.5,37,58,62,64,,61.3,61,2,1,4,3,5,4,9,7,9,3,5,0
2022,910,Michigan,11,16,34,37,47,,42,41,27,33,24,,28,28,4,8,5,10,3,3,8,13,6,1,3,0
2022,909,Michigan St.,7,32,36,26,23,,24.5,23,32,40,27,,33,33,5,8,5,9,8,2,13,11,6,1,3,0
2022,908,Montana St.,14,64,120,111,114,,112.5,112,162,125,141,,142.7,145,0,0,0,2,0,0,0,2,5,3,20,2
2022,907,Murray St.,7,32,21,43,20,,31.5,33,30,27,68,,41.7,40,1,1,2,1,3,0,5,1,5,1,17,0
2022,906,New Mexico St.,12,32,79,42,70,,56,57,116,81,89,,95.3,93,0,0,2,0,4,2,6,2,9,2,8,2
2022,905,Norfolk St.,16,64,156,177,119,,148,146,135,168,198,,167,165,0,1,0,1,0,1,0,2,2,1,19,3
2022,904,North Carolina,8,2,31,34,19,,26.5,26,26,29,25,,26.7,25,2,4,3,8,3,0,6,8,13,0,5,1
2022,903,Notre Dame,11,32,53,64,38,,51,49,51,52,54,,52.3,52,1,4,2,8,2,1,4,9,11,1,6,0
2022,902,Ohio St.,7,32,26,29,32,,30.5,31,23,32,22,,25.7,23,3,5,5,5,5,5,10,10,6,1,3,0
2022,901,Providence,4,16,32,12,13,,12.5,12,42,49,35,,42,42,4,2,5,3,9,2,14,5,6,0,5,0
2022,900,Purdue,3,16,13,10,9,,9.5,10,10,14,8,,10.7,10,5,5,8,6,6,1,14,7,7,0,6,0
2022,899,Richmond,12,32,81,52,72,,62,64,73,83,76,,77.3,80,0,0,1,2,6,9,7,11,10,0,6,1
2022,898,Rutgers,11,68,77,63,52,,57.5,58,74,74,57,,68.3,67,5,5,6,6,3,4,9,10,4,2,5,1
2022,897,Saint Mary's,5,32,19,19,26,,22.5,22,22,16,21,,19.7,20,2,5,4,7,6,0,10,7,5,0,9,0
2022,896,Saint Peter's,15,8,124,135,128,,131.5,133,113,118,139,,123.3,120,0,1,0,3,0,1,0,4,7,3,11,4
2022,895,San Diego St.,8,64,25,21,40,,30.5,31,29,22,31,,27.3,27,1,3,5,8,5,0,10,8,6,0,7,0
2022,894,San Francisco,10,64,22,33,48,,40.5,40,31,21,33,,28.3,30,0,5,4,6,5,2,9,8,5,0,9,1
2022,893,Seton Hall,8,64,37,32,31,,31.5,33,36,35,32,,34.3,34,2,5,6,7,3,3,9,10,8,0,3,0
2022,892,South Dakota St.,13,64,65,62,41,,51.5,50,60,71,75,,68.7,68,0,1,0,2,2,0,2,2,13,1,13,1
2022,891,TCU,9,32,44,41,28,,34.5,35,44,38,44,,42,42,4,6,8,8,2,4,10,12,4,0,6,0
2022,890,Tennessee,3,32,7,4,3,,3.5,4,5,7,7,,6.3,7,4,7,11,7,5,0,16,7,4,0,6,0
2022,889,Texas,6,32,16,35,24,,29.5,28,17,15,18,,16.7,16,3,7,5,10,5,1,10,11,3,0,8,0
2022,888,Texas A&M Corpus Chris,16,68,241,234,207,,220.5,218,238,243,260,,247,251,0,0,0,2,0,1,0,3,1,2,18,6
2022,887,Texas Southern,16,64,197,221,180,,200.5,204,174,188,214,,192,193,0,1,1,2,0,3,1,5,0,2,17,5
2022,886,Texas Tech,3,16,9,17,12,,14.5,15,13,9,14,,12,13,5,5,8,9,7,0,15,9,1,0,9,0
2022,885,UAB,12,64,46,54,64,,59,60,47,46,53,,48.7,47,0,1,2,1,3,2,5,3,8,3,12,1
2022,884,UCLA,4,16,10,11,15,,13,13,9,8,10,,9,9,2,4,5,4,8,2,13,6,8,1,4,0
2022,883,USC,7,64,35,31,21,,26,25,40,42,30,,37.3,35,2,4,4,4,5,1,9,5,11,2,6,0
2022,882,Vermont,13,64,52,89,71,,80,79,38,59,84,,60.3,58,0,1,0,1,1,1,1,2,7,2,19,1
2022,881,Villanova,2,4,8,7,8,,7.5,8,7,11,9,,9,9,5,4,7,6,10,1,17,7,5,0,4,0
2022,880,Virginia Tech,11,64,27,49,42,,45.5,44,19,23,28,,23.3,22,1,2,3,5,6,5,9,10,7,2,7,0
2022,879,Wisconsin,3,32,24,8,10,,9,9,28,34,20,,27.3,27,7,2,9,3,7,2,16,5,4,2,4,0
2022,878,Wright St.,16,64,191,182,193,,187.5,193,161,182,179,,174,171,0,1,0,1,0,0,0,1,5,5,15,7
2022,877,Wyoming,12,68,50,39,53,,46,45,103,58,83,,81.3,85,0,3,4,5,7,1,11,6,3,2,10,0
2022,876,Yale,14,64,142,125,131,,128,129,152,147,135,,144.7,147,0,3,0,4,1,1,1,5,5,5,12,1
2021,875,Abilene Christian,14,32,74,111,76,,93.5,93,81,86,99,,88.7,87,0,2,0,2,0,0,0,2,4,1,15,1
2021,874,Alabama,2,16,7,4,5,,4.5,5,10,8,9,,9,8,4,2,8,4,9,1,17,5,7,1,0,0
2021,873,Appalachian St.,16,68,210,125,189,,157,157,175,209,190,,191.3,188,0,1,0,2,0,1,0,3,7,2,6,6
2021,872,Arkansas,3,8,14,13,10,,11.5,10,14,18,15,,15.7,13,1,4,6,5,6,1,12,6,5,0,5,0
2021,871,Baylor,1,1,2,2,3,,2.5,2,2,4,2,,2.7,2,6,1,8,2,2,0,10,2,7,0,5,0
2021,870,BYU,6,64,20,12,21,,16.5,16,29,24,25,,26,27,2,4,3,4,5,2,8,6,6,0,5,0
2021,869,Clemson,7,64,41,16,18,,17,17,39,42,35,,38.7,39,2,4,3,6,7,0,10,6,5,1,1,0
2021,868,Cleveland St.,15,64,160,112,109,,110.5,113,186,151,173,,170,172,0,1,1,3,0,1,1,4,0,0,18,3
2021,867,Colgate,14,64,9,46,54,,50,49,44,84,67,,65,65,0,0,0,0,2,0,2,0,6,1,6,0
2021,866,Colorado,5,32,15,23,26,,24.5,27,18,17,24,,19.7,22,2,2,3,4,7,1,10,5,9,3,3,0
2021,865,Connecticut,7,64,30,41,32,,36.5,35,15,16,23,,18,18,1,3,4,4,3,3,7,7,5,0,3,0
2021,864,Creighton,5,16,25,31,17,,24,26,13,19,14,,15.3,12,1,2,7,3,5,3,12,6,4,2,4,0
2021,863,Drake,11,64,45,56,46,,51,51,62,53,70,,61.7,61,1,2,1,2,5,0,6,2,6,2,11,0
2021,862,Drexel,16,64,135,168,157,,162.5,163,131,146,142,,139.7,135,0,0,0,0,0,1,0,1,5,4,7,2
2021,861,Eastern Washington,14,64,113,116,125,,120.5,121,103,110,111,,108,108,0,1,0,3,0,1,0,4,4,1,11,2
2021,860,Florida,7,32,31,44,36,,40,37,32,37,36,,35,34,2,5,5,5,3,3,8,8,5,1,1,0
2021,859,Florida St.,4,16,24,20,20,,20,20,23,15,12,,16.7,15,1,2,3,4,7,1,10,5,2,1,4,0
2021,858,Georgetown,12,64,64,55,48,,51.5,52,65,55,63,,61,60,3,3,3,9,5,1,8,10,4,2,1,0
2021,857,Georgia Tech,9,64,33,30,31,,30.5,31,35,32,33,,33.3,32,1,3,3,6,6,0,9,6,5,2,3,0
2021,856,Gonzaga,1,2,1,1,1,,1,1,1,1,1,,1,1,6,0,8,0,6,0,14,0,5,0,7,0
2021,855,Grand Canyon,15,64,106,130,118,,124,125,74,108,129,,103.7,101,0,1,0,1,0,0,0,1,2,2,12,3
2021,854,Hartford,16,64,161,179,144,,161.5,162,174,192,191,,185.7,183,0,2,0,2,1,0,1,2,3,5,11,1
2021,853,Houston,2,4,5,9,13,,11,9,3,6,6,,5,6,1,0,2,1,6,1,8,2,10,1,5,0
2021,852,Illinois,1,32,3,5,2,,3.5,4,4,3,3,,3.3,3,6,3,12,5,5,1,17,6,4,0,2,0
2021,851,Iona,15,64,138,148,136,,142,142,138,181,167,,162,159,0,0,0,1,0,0,0,1,2,0,10,4
2021,850,Iowa,2,32,6,25,7,,16,15,5,5,5,,5,6,4,5,8,6,5,2,13,8,3,0,5,0
2021,849,Kansas,3,32,11,24,11,,17.5,18,19,22,10,,17,16,2,7,7,8,2,0,9,8,5,0,5,0
2021,848,Liberty,13,64,86,131,89,,110,112,72,97,110,,93,93,0,1,0,2,1,0,1,2,2,1,16,2
2021,847,Loyola Chicago,8,16,10,29,40,,34.5,32,21,9,37,,22.3,24,0,1,2,2,4,2,6,4,4,0,12,0
2021,846,LSU,8,32,28,18,23,,20.5,21,24,29,28,,27,28,3,5,5,8,3,1,8,9,6,0,4,0
2021,845,Maryland,10,32,35,50,47,,48.5,48,43,31,32,,35.3,35,3,6,4,10,3,3,7,13,6,0,2,0
2021,844,Michigan,1,8,4,3,4,,3.5,4,6,2,4,,4,4,5,2,8,3,6,1,14,4,4,0,2,0
2021,843,Michigan St.,11,68,70,64,37,,50.5,50,68,56,38,,54,54,3,7,5,10,4,2,9,12,2,0,4,0
2021,842,Missouri,9,64,47,15,28,,21.5,23,50,51,51,,50.7,50,5,3,7,6,2,3,9,9,6,0,1,0
2021,841,Morehead St.,14,64,122,78,81,,79.5,80,154,128,154,,145.3,141,0,1,0,3,1,2,1,5,6,1,14,1
2021,840,Mount St. Mary's,16,68,158,176,213,,194.5,196,195,219,210,,208,201,0,2,0,2,1,1,1,3,3,3,8,4
2021,839,Norfolk St.,16,64,169,155,181,,168,169,208,200,217,,208.3,202,0,0,0,0,1,1,1,1,4,1,9,5
2021,838,North Carolina,8,64,32,34,27,,30.5,31,25,28,20,,24.3,26,0,7,3,9,8,0,11,9,4,1,3,0
2021,837,North Texas,13,32,61,57,85,,71,68,69,71,85,,75,75,0,3,0,3,3,2,3,5,6,4,7,0
2021,836,Ohio,13,32,87,58,86,,72,70,98,78,103,,93,93,0,1,0,2,3,2,3,4,4,3,8,0
2021,835,Ohio St.,2,64,8,10,6,,8,7,9,7,7,,7.7,7,7,5,9,7,6,2,15,9,4,0,2,0
2021,834,Oklahoma,8,32,37,42,44,,43,40,31,39,39,,36.3,37,4,5,5,9,0,0,5,9,4,1,6,0
2021,833,Oklahoma St.,4,32,29,6,8,,7,6,36,30,26,,30.7,31,7,5,10,6,2,0,12,6,3,2,5,0
2021,832,Oral Roberts,15,16,159,183,148,,165.5,166,156,152,155,,154.3,148,0,3,0,5,0,0,0,5,4,3,9,2
2021,831,Oregon,7,16,34,26,22,,24,26,34,36,31,,33.7,33,1,2,2,3,7,1,9,4,7,2,4,0
2021,830,Oregon St.,12,8,91,66,67,,66.5,64,87,85,82,,84.7,84,2,3,5,5,2,4,7,9,4,1,5,2
2021,829,Purdue,4,64,22,28,14,,21,22,28,13,16,,19,20,2,6,6,7,7,1,13,8,3,1,2,0
2021,828,Rutgers,10,32,38,52,33,,42.5,38,46,34,30,,36.7,38,2,6,4,9,6,2,10,11,3,0,2,0
2021,827,San Diego St.,6,64,18,7,24,,15.5,14,17,20,21,,19.3,21,0,2,1,3,7,1,8,4,8,0,6,0
2021,826,St. Bonaventure,9,64,27,17,30,,23.5,24,26,25,40,,30.3,29,0,1,4,2,3,1,7,3,5,1,4,0
2021,825,Syracuse,11,16,40,45,41,,43,40,33,41,34,,36,36,0,5,1,7,6,1,7,8,6,1,3,0
2021,824,Tennessee,5,64,13,27,25,,26,28,12,21,17,,16.7,15,3,4,6,6,2,2,8,8,6,0,4,0
2021,823,Texas,3,64,21,8,9,,8.5,8,22,26,18,,22,23,5,3,8,6,2,1,10,7,5,0,4,0
2021,822,Texas Southern,16,64,208,153,162,,157.5,158,203,229,218,,216.7,211,0,2,0,4,0,1,0,5,1,1,14,2
2021,821,Texas Tech,6,32,17,35,38,,36.5,35,8,23,22,,17.7,17,3,8,4,10,2,0,6,10,3,0,8,0
2021,820,UC Santa Barbara,12,64,54,54,52,,53,54,61,69,95,,75,75,0,0,0,0,2,4,2,4,8,0,10,0
2021,819,UCLA,11,4,46,51,43,,47,45,42,44,44,,43.3,42,1,5,2,6,3,3,5,9,8,0,4,0
2021,818,UNC Greensboro,13,64,84,48,103,,75.5,73,89,100,87,,92,91,0,0,0,1,4,1,4,2,9,4,8,2
2021,817,USC,6,8,19,14,15,,14.5,12,16,14,27,,19,20,1,3,3,4,6,3,9,7,10,0,3,0
2021,816,Utah St.,11,64,39,39,66,,52.5,53,49,40,50,,46.3,46,0,1,2,5,2,1,4,6,7,2,8,0
2021,815,VCU,10,64,36,22,34,,28,29,57,45,57,,53,53,0,2,2,5,7,0,9,5,6,2,4,0
2021,814,Villanova,5,16,16,21,19,,20,20,7,12,11,,10,10,1,1,5,3,4,3,9,6,6,0,1,0
2021,813,Virginia,4,64,12,19,12,,15.5,14,11,11,8,,10,10,1,2,5,4,4,1,9,5,5,1,4,0
2021,812,Virginia Tech,10,64,48,49,39,,44,41,38,50,46,,44.7,43,2,1,2,3,3,3,5,6,5,0,5,0
2021,811,West Virginia,3,32,23,11,16,,13.5,11,27,27,19,,24.3,26,4,4,7,7,3,2,10,9,6,0,2,0
2021,810,Wichita St.,11,68,72,33,42,,37.5,36,97,74,66,,79,80,1,1,2,3,2,1,4,4,6,1,4,0
2021,809,Winthrop,12,64,55,69,45,,57,57,86,91,88,,88.3,86,0,0,0,0,2,0,2,0,2,0,19,1
2021,808,Wisconsin,9,32,26,62,29,,45.5,43,20,10,13,,14.3,11,3,9,5,10,5,2,10,12,4,0,3,0
2019,807,Abilene Christian,15,64,154,154,118,,136,137,143,145,163,,150.3,148,0,1,0,1,0,0,0,1,2,2,21,3
2019,806,Arizona St.,11,64,63,34,55,,44.5,42,60,61,52,,57.7,55,1,1,3,3,8,3,11,6,5,2,6,2
2019,805,Auburn,5,4,18,19,20,,19.5,18,13,14,11,,12.7,12,2,7,5,7,13,2,18,9,3,0,4,0
2019,804,Baylor,9,32,39,35,50,,42.5,39,41,41,44,,42,43,3,5,4,9,8,1,12,10,2,1,5,2
2019,803,Belmont,11,64,47,62,39,,50.5,52,46,54,60,,53.3,53,0,1,2,2,3,1,5,3,3,2,17,0
2019,802,Bradley,15,64,176,156,166,,161,163,175,166,157,,166,165,0,0,1,0,1,3,2,3,10,7,7,4
2019,801,Buffalo,6,32,15,17,18,,17.5,16,23,22,25,,23.3,25,0,1,2,1,5,1,7,2,16,1,7,0
2019,800,Cincinnati,7,64,25,21,23,,22,23,31,35,30,,32,31,1,4,5,4,8,1,13,5,9,0,6,1
2019,799,Colgate,15,64,132,128,121,,124.5,122,136,129,137,,134,138,0,0,0,2,0,2,0,4,10,3,13,3
2019,798,Duke,1,8,3,1,2,,1.5,2,3,3,1,,2.3,2,9,4,11,4,6,1,17,5,7,0,5,0
2019,797,Fairleigh Dickinson,16,64,203,226,202,,214,215,188,208,217,,204.3,204,0,0,0,1,0,2,0,3,1,2,17,8
2019,796,Florida,10,32,31,49,48,,48.5,49,30,28,27,,28.3,29,2,10,4,12,4,1,8,13,6,2,5,0
2019,795,Florida St.,4,16,16,14,8,,11,12,16,15,13,,14.7,15,6,4,8,5,6,1,14,6,6,1,7,0
2019,794,Gardner Webb,16,64,173,172,134,,153,151,141,167,178,,162,160,0,2,0,3,1,0,1,3,3,6,16,2
2019,793,Georgia St.,14,64,121,68,70,,69,70,103,111,114,,109.3,109,0,1,1,2,3,2,4,4,9,4,10,1
2019,792,Gonzaga,1,8,2,11,9,,10,10,2,2,5,,3,3,2,2,4,3,6,0,10,3,9,0,11,0
2019,791,Houston,3,16,4,5,11,,8,9,12,13,17,,14,14,3,1,6,3,10,0,16,3,5,0,10,0
2019,790,Iona,16,64,202,252,215,,233.5,232,184,197,188,,189.7,188,0,1,0,2,0,1,0,3,2,4,15,8
2019,789,Iowa,10,32,43,46,27,,36.5,36,37,36,42,,38.3,38,1,5,4,10,7,0,11,10,5,1,6,0
2019,788,Iowa St.,6,64,21,18,26,,22,23,15,16,15,,15.3,16,6,4,8,7,3,4,11,11,6,0,6,0
2019,787,Kansas,4,32,20,4,10,,7,8,19,20,14,,17.7,17,5,7,11,8,7,1,18,9,5,0,2,0
2019,786,Kansas St.,4,64,24,13,16,,14.5,15,25,23,19,,22.3,22,5,4,7,5,7,3,14,8,8,0,3,0
2019,785,Kentucky,2,8,6,7,7,,7,8,8,7,7,,7.3,8,7,4,10,5,6,1,16,6,6,0,5,0
2019,784,Liberty,12,32,58,86,64,,75,77,61,63,110,,78,77,0,0,2,0,1,3,3,3,4,3,18,0
2019,783,Louisville,7,64,22,31,25,,28,28,18,18,22,,19.3,18,3,8,4,11,5,1,9,12,7,1,4,0
2019,782,LSU,3,16,14,9,13,,11,12,24,17,20,,20.3,19,5,2,9,3,7,3,16,6,7,0,3,0
2019,781,Marquette,5,64,28,20,29,,24.5,25,27,27,23,,25.7,26,2,2,10,5,6,3,16,8,1,1,7,0
2019,780,Maryland,6,32,27,24,21,,22.5,24,28,24,28,,26.7,27,1,6,6,8,6,1,12,9,5,1,5,0
2019,779,Michigan,2,16,9,8,6,,7,8,6,5,8,,6.3,6,4,4,9,6,10,0,19,6,2,0,7,0
2019,778,Michigan St.,2,4,8,6,5,,5.5,4,4,4,4,,4,4,7,3,13,4,6,2,19,6,5,0,4,0
2019,777,Minnesota,10,32,61,38,30,,34,33,54,47,43,,48,49,3,6,5,10,6,2,11,12,5,1,5,0
2019,776,Mississippi,8,64,36,47,47,,47,46,48,44,46,,46,47,2,5,4,10,3,2,7,12,7,0,6,0
2019,775,Mississippi St.,5,64,19,22,22,,22,23,22,21,21,,21.3,20,2,6,8,7,4,3,12,10,7,0,4,0
2019,774,Montana,15,64,124,115,99,,107,106,119,137,131,,129,131,0,0,0,2,1,1,1,3,5,1,18,4
2019,773,Murray St.,12,32,44,74,43,,58.5,60,49,52,56,,52.3,52,0,1,1,2,1,2,2,4,4,0,19,0
2019,772,Nevada,7,64,23,28,28,,28,28,20,25,24,,23,23,0,1,1,1,7,1,8,2,11,2,10,0
2019,771,New Mexico St.,12,64,40,56,49,,52.5,55,58,49,54,,53.7,54,0,1,0,1,3,1,3,2,9,2,16,0
2019,770,North Carolina,1,16,7,3,3,,3,3,5,6,3,,4.7,5,9,4,10,6,6,0,16,6,7,0,4,0
2019,769,North Carolina Central,16,68,302,296,271,,283.5,284,265,303,297,,288.3,289,0,2,0,2,0,2,0,4,0,3,15,8
2019,768,North Dakota St.,16,64,222,204,181,,192.5,196,192,199,193,,194.7,196,0,3,0,4,0,2,0,6,2,5,14,4
2019,767,Northeastern,13,64,78,72,76,,74,75,80,79,94,,84.3,83,0,1,0,4,3,3,3,7,9,0,11,3
2019,766,Northern Kentucky,14,64,115,142,100,,121,118,93,100,109,,100.7,100,0,2,0,2,0,0,0,2,7,4,17,2
2019,765,Ohio St.,11,32,55,50,37,,43.5,40,40,45,41,,42,43,1,7,4,10,4,3,8,13,6,1,5,0
2019,764,Oklahoma,9,32,37,30,34,,32,30,39,38,31,,36,35,1,8,4,10,7,2,11,12,8,1,0,0
2019,763,Old Dominion,14,64,100,64,85,,74.5,76,113,112,111,,112,111,0,0,1,0,2,2,3,2,11,6,12,0
2019,762,Oregon,12,16,51,45,62,,53.5,56,38,43,32,,37.7,37,0,2,3,5,4,4,7,9,8,2,8,1
2019,761,Prairie View A&M,16,68,205,187,159,,173,174,213,209,232,,218,223,0,1,0,3,0,2,0,5,1,6,20,1
2019,760,Purdue,3,8,12,15,14,,14.5,15,10,10,10,,10,10,2,6,7,7,9,1,16,8,3,1,4,0
2019,759,Saint Louis,13,64,103,90,88,,89,88,98,104,102,,101.3,101,0,3,1,4,4,2,5,6,6,5,12,1
2019,758,Saint Mary's,11,64,32,42,58,,50,50,34,31,38,,34.3,34,2,4,2,6,3,3,5,9,8,2,9,0
2019,757,Seton Hall,10,64,57,27,38,,32.5,31,53,55,49,,52.3,52,2,2,7,8,7,3,14,11,3,2,3,0
2019,756,St. John's,11,68,73,40,53,,46.5,43,69,78,65,,70.7,70,1,2,5,7,5,3,10,10,3,2,8,0
2019,755,Syracuse,8,64,42,36,36,,36,34,33,34,33,,33.3,33,1,8,3,9,3,2,6,11,10,2,4,0
2019,754,Temple,11,68,56,43,45,,44,41,72,76,68,,72,71,1,3,2,6,6,2,8,8,7,1,8,0
2019,753,Tennessee,2,16,5,10,4,,7,8,7,8,6,,7,7,7,5,9,5,6,0,15,5,8,0,5,0
2019,752,Texas Tech,3,2,10,12,12,,12,13,9,9,9,,9,9,3,4,8,5,8,0,16,5,3,1,7,0
2019,751,UC Irvine,13,32,68,71,52,,61.5,62,81,75,84,,80,79,1,0,1,2,1,1,2,3,10,1,17,1
2019,750,UCF,9,32,30,26,40,,33,32,42,46,40,,42.7,44,1,2,2,5,6,2,8,7,9,1,6,0
2019,749,Utah St.,8,64,29,41,35,,38,37,44,33,45,,40.7,40,0,2,3,2,2,3,5,5,9,1,13,0
2019,748,VCU,8,64,34,32,41,,36.5,36,36,37,51,,41.3,41,1,1,2,2,3,2,5,4,9,3,11,0
2019,747,Vermont,13,64,71,80,61,,70.5,71,56,80,85,,73.7,74,0,2,0,3,0,0,0,3,9,2,17,1
2019,746,Villanova,6,32,26,16,24,,20,19,21,26,18,,21.7,21,1,3,5,6,13,3,18,9,3,0,4,0
2019,745,Virginia,1,1,1,2,1,,1.5,2,1,1,2,,1.3,1,8,3,12,3,4,0,16,3,6,0,7,0
2019,744,Virginia Tech,4,16,11,25,17,,21,20,11,11,12,,11.3,11,3,6,4,8,7,0,11,8,5,0,8,0
2019,743,Washington,9,32,45,29,32,,30.5,29,52,51,50,,51,50,0,3,2,4,8,3,10,7,9,1,7,0
2019,742,Wisconsin,5,64,17,23,15,,19,17,14,12,16,,14,14,1,7,10,8,5,2,15,10,4,0,4,0
2019,741,Wofford,7,32,13,33,19,,26,26,17,19,34,,23.3,25,0,4,3,4,6,0,9,4,4,0,13,0
2019,740,Yale,14,64,86,75,71,,73,73,77,82,100,,86.3,85,0,1,0,3,1,2,1,5,9,1,11,1